Series Name,Series Code,Country Name,Country Code,2020 [YR2020]
Rural population (% of total population),SP.RUR.TOTL.ZS,Angola,AGO,33.175
Rural population (% of total population),SP.RUR.TOTL.ZS,Bangladesh,BGD,61.823
Rural population (% of total population),SP.RUR.TOTL.ZS,Brazil,BRA,12.927
Rural population (% of total population),SP.RUR.TOTL.ZS,China,CHN,38.572
Rural population (% of total population),SP.RUR.TOTL.ZS,"Korea, Dem. People's Rep.",PRK,37.619
Rural population (% of total population),SP.RUR.TOTL.ZS,"Congo, Dem. Rep.",COD,54.362
Rural population (% of total population),SP.RUR.TOTL.ZS,Ethiopia,ETH,78.305
Rural population (% of total population),SP.RUR.TOTL.ZS,India,IND,65.074
Rural population (% of total population),SP.RUR.TOTL.ZS,Indonesia,IDN,43.359
Rural population (% of total population),SP.RUR.TOTL.ZS,Kenya,KEN,72.005
Rural population (% of total population),SP.RUR.TOTL.ZS,Mozambique,MOZ,62.926
Rural population (% of total population),SP.RUR.TOTL.ZS,Myanmar,MMR,68.859
Rural population (% of total population),SP.RUR.TOTL.ZS,Nigeria,NGA,48.042
Rural population (% of total population),SP.RUR.TOTL.ZS,Pakistan,PAK,62.835
Rural population (% of total population),SP.RUR.TOTL.ZS,Philippines,PHL,52.592
Rural population (% of total population),SP.RUR.TOTL.ZS,Russian Federation,RUS,25.246
Rural population (% of total population),SP.RUR.TOTL.ZS,South Africa,ZAF,32.646
Rural population (% of total population),SP.RUR.TOTL.ZS,Thailand,THA,48.57
Rural population (% of total population),SP.RUR.TOTL.ZS,Tanzania,TZA,64.773
Rural population (% of total population),SP.RUR.TOTL.ZS,Vietnam,VNM,62.66
Rural population (% of total population),SP.RUR.TOTL.ZS,Cambodia,KHM,75.768
Rural population (% of total population),SP.RUR.TOTL.ZS,Central African Republic,CAF,57.802
Rural population (% of total population),SP.RUR.TOTL.ZS,"Congo, Rep.",COG,32.171
Rural population (% of total population),SP.RUR.TOTL.ZS,Lesotho,LSO,70.972
Rural population (% of total population),SP.RUR.TOTL.ZS,Liberia,LBR,47.911
Rural population (% of total population),SP.RUR.TOTL.ZS,Namibia,NAM,47.967
Rural population (% of total population),SP.RUR.TOTL.ZS,Papua New Guinea,PNG,86.655
Rural population (% of total population),SP.RUR.TOTL.ZS,Sierra Leone,SLE,57.077
Rural population (% of total population),SP.RUR.TOTL.ZS,Zambia,ZMB,55.371
Rural population (% of total population),SP.RUR.TOTL.ZS,Zimbabwe,ZWE,67.758
Adolescents out of school (% of lower secondary school age),SE.SEC.UNER.LO.ZS,Angola,AGO,..
Adolescents out of school (% of lower secondary school age),SE.SEC.UNER.LO.ZS,Bangladesh,BGD,..
Adolescents out of school (% of lower secondary school age),SE.SEC.UNER.LO.ZS,Brazil,BRA,..
Adolescents out of school (% of lower secondary school age),SE.SEC.UNER.LO.ZS,China,CHN,..
Adolescents out of school (% of lower secondary school age),SE.SEC.UNER.LO.ZS,"Korea, Dem. People's Rep.",PRK,..
Adolescents out of school (% of lower secondary school age),SE.SEC.UNER.LO.ZS,"Congo, Dem. Rep.",COD,..
Adolescents out of school (% of lower secondary school age),SE.SEC.UNER.LO.ZS,Ethiopia,ETH,..
Adolescents out of school (% of lower secondary school age),SE.SEC.UNER.LO.ZS,India,IND,15.1268396377563
Adolescents out of school (% of lower secondary school age),SE.SEC.UNER.LO.ZS,Indonesia,IDN,..
Adolescents out of school (% of lower secondary school age),SE.SEC.UNER.LO.ZS,Kenya,KEN,..
Adolescents out of school (% of lower secondary school age),SE.SEC.UNER.LO.ZS,Mozambique,MOZ,37.9824905395508
Adolescents out of school (% of lower secondary school age),SE.SEC.UNER.LO.ZS,Myanmar,MMR,..
Adolescents out of school (% of lower secondary school age),SE.SEC.UNER.LO.ZS,Nigeria,NGA,..
Adolescents out of school (% of lower secondary school age),SE.SEC.UNER.LO.ZS,Pakistan,PAK,..
Adolescents out of school (% of lower secondary school age),SE.SEC.UNER.LO.ZS,Philippines,PHL,..
Adolescents out of school (% of lower secondary school age),SE.SEC.UNER.LO.ZS,Russian Federation,RUS,..
Adolescents out of school (% of lower secondary school age),SE.SEC.UNER.LO.ZS,South Africa,ZAF,..
Adolescents out of school (% of lower secondary school age),SE.SEC.UNER.LO.ZS,Thailand,THA,..
Adolescents out of school (% of lower secondary school age),SE.SEC.UNER.LO.ZS,Tanzania,TZA,..
Adolescents out of school (% of lower secondary school age),SE.SEC.UNER.LO.ZS,Vietnam,VNM,..
Adolescents out of school (% of lower secondary school age),SE.SEC.UNER.LO.ZS,Cambodia,KHM,14.669810295105
Adolescents out of school (% of lower secondary school age),SE.SEC.UNER.LO.ZS,Central African Republic,CAF,..
Adolescents out of school (% of lower secondary school age),SE.SEC.UNER.LO.ZS,"Congo, Rep.",COG,..
Adolescents out of school (% of lower secondary school age),SE.SEC.UNER.LO.ZS,Lesotho,LSO,..
Adolescents out of school (% of lower secondary school age),SE.SEC.UNER.LO.ZS,Liberia,LBR,..
Adolescents out of school (% of lower secondary school age),SE.SEC.UNER.LO.ZS,Namibia,NAM,..
Adolescents out of school (% of lower secondary school age),SE.SEC.UNER.LO.ZS,Papua New Guinea,PNG,..
Adolescents out of school (% of lower secondary school age),SE.SEC.UNER.LO.ZS,Sierra Leone,SLE,..
Adolescents out of school (% of lower secondary school age),SE.SEC.UNER.LO.ZS,Zambia,ZMB,..
Adolescents out of school (% of lower secondary school age),SE.SEC.UNER.LO.ZS,Zimbabwe,ZWE,..
Battle-related deaths (number of people),VC.BTL.DETH,Angola,AGO,21
Battle-related deaths (number of people),VC.BTL.DETH,Bangladesh,BGD,2
Battle-related deaths (number of people),VC.BTL.DETH,Brazil,BRA,..
Battle-related deaths (number of people),VC.BTL.DETH,China,CHN,..
Battle-related deaths (number of people),VC.BTL.DETH,"Korea, Dem. People's Rep.",PRK,..
Battle-related deaths (number of people),VC.BTL.DETH,"Congo, Dem. Rep.",COD,1149
Battle-related deaths (number of people),VC.BTL.DETH,Ethiopia,ETH,1343
Battle-related deaths (number of people),VC.BTL.DETH,India,IND,584
Battle-related deaths (number of people),VC.BTL.DETH,Indonesia,IDN,..
Battle-related deaths (number of people),VC.BTL.DETH,Kenya,KEN,94
Battle-related deaths (number of people),VC.BTL.DETH,Mozambique,MOZ,924
Battle-related deaths (number of people),VC.BTL.DETH,Myanmar,MMR,158
Battle-related deaths (number of people),VC.BTL.DETH,Nigeria,NGA,1997
Battle-related deaths (number of people),VC.BTL.DETH,Pakistan,PAK,373
Battle-related deaths (number of people),VC.BTL.DETH,Philippines,PHL,348
Battle-related deaths (number of people),VC.BTL.DETH,Russian Federation,RUS,32
Battle-related deaths (number of people),VC.BTL.DETH,South Africa,ZAF,..
Battle-related deaths (number of people),VC.BTL.DETH,Thailand,THA,48
Battle-related deaths (number of people),VC.BTL.DETH,Tanzania,TZA,25
Battle-related deaths (number of people),VC.BTL.DETH,Vietnam,VNM,..
Battle-related deaths (number of people),VC.BTL.DETH,Cambodia,KHM,..
Battle-related deaths (number of people),VC.BTL.DETH,Central African Republic,CAF,57
Battle-related deaths (number of people),VC.BTL.DETH,"Congo, Rep.",COG,0
Battle-related deaths (number of people),VC.BTL.DETH,Lesotho,LSO,..
Battle-related deaths (number of people),VC.BTL.DETH,Liberia,LBR,..
Battle-related deaths (number of people),VC.BTL.DETH,Namibia,NAM,..
Battle-related deaths (number of people),VC.BTL.DETH,Papua New Guinea,PNG,..
Battle-related deaths (number of people),VC.BTL.DETH,Sierra Leone,SLE,..
Battle-related deaths (number of people),VC.BTL.DETH,Zambia,ZMB,..
Battle-related deaths (number of people),VC.BTL.DETH,Zimbabwe,ZWE,..
"Children in employment, total (% of children ages 7-14)",SL.TLF.0714.ZS,Angola,AGO,..
"Children in employment, total (% of children ages 7-14)",SL.TLF.0714.ZS,Bangladesh,BGD,..
"Children in employment, total (% of children ages 7-14)",SL.TLF.0714.ZS,Brazil,BRA,..
"Children in employment, total (% of children ages 7-14)",SL.TLF.0714.ZS,China,CHN,..
"Children in employment, total (% of children ages 7-14)",SL.TLF.0714.ZS,"Korea, Dem. People's Rep.",PRK,..
"Children in employment, total (% of children ages 7-14)",SL.TLF.0714.ZS,"Congo, Dem. Rep.",COD,..
"Children in employment, total (% of children ages 7-14)",SL.TLF.0714.ZS,Ethiopia,ETH,..
"Children in employment, total (% of children ages 7-14)",SL.TLF.0714.ZS,India,IND,..
"Children in employment, total (% of children ages 7-14)",SL.TLF.0714.ZS,Indonesia,IDN,..
"Children in employment, total (% of children ages 7-14)",SL.TLF.0714.ZS,Kenya,KEN,..
"Children in employment, total (% of children ages 7-14)",SL.TLF.0714.ZS,Mozambique,MOZ,..
"Children in employment, total (% of children ages 7-14)",SL.TLF.0714.ZS,Myanmar,MMR,..
"Children in employment, total (% of children ages 7-14)",SL.TLF.0714.ZS,Nigeria,NGA,..
"Children in employment, total (% of children ages 7-14)",SL.TLF.0714.ZS,Pakistan,PAK,..
"Children in employment, total (% of children ages 7-14)",SL.TLF.0714.ZS,Philippines,PHL,..
"Children in employment, total (% of children ages 7-14)",SL.TLF.0714.ZS,Russian Federation,RUS,..
"Children in employment, total (% of children ages 7-14)",SL.TLF.0714.ZS,South Africa,ZAF,..
"Children in employment, total (% of children ages 7-14)",SL.TLF.0714.ZS,Thailand,THA,..
"Children in employment, total (% of children ages 7-14)",SL.TLF.0714.ZS,Tanzania,TZA,..
"Children in employment, total (% of children ages 7-14)",SL.TLF.0714.ZS,Vietnam,VNM,..
"Children in employment, total (% of children ages 7-14)",SL.TLF.0714.ZS,Cambodia,KHM,..
"Children in employment, total (% of children ages 7-14)",SL.TLF.0714.ZS,Central African Republic,CAF,..
"Children in employment, total (% of children ages 7-14)",SL.TLF.0714.ZS,"Congo, Rep.",COG,..
"Children in employment, total (% of children ages 7-14)",SL.TLF.0714.ZS,Lesotho,LSO,..
"Children in employment, total (% of children ages 7-14)",SL.TLF.0714.ZS,Liberia,LBR,..
"Children in employment, total (% of children ages 7-14)",SL.TLF.0714.ZS,Namibia,NAM,..
"Children in employment, total (% of children ages 7-14)",SL.TLF.0714.ZS,Papua New Guinea,PNG,..
"Children in employment, total (% of children ages 7-14)",SL.TLF.0714.ZS,Sierra Leone,SLE,..
"Children in employment, total (% of children ages 7-14)",SL.TLF.0714.ZS,Zambia,ZMB,..
"Children in employment, total (% of children ages 7-14)",SL.TLF.0714.ZS,Zimbabwe,ZWE,..
Children out of school (% of primary school age),SE.PRM.UNER.ZS,Angola,AGO,..
Children out of school (% of primary school age),SE.PRM.UNER.ZS,Bangladesh,BGD,..
Children out of school (% of primary school age),SE.PRM.UNER.ZS,Brazil,BRA,..
Children out of school (% of primary school age),SE.PRM.UNER.ZS,China,CHN,..
Children out of school (% of primary school age),SE.PRM.UNER.ZS,"Korea, Dem. People's Rep.",PRK,..
Children out of school (% of primary school age),SE.PRM.UNER.ZS,"Congo, Dem. Rep.",COD,..
Children out of school (% of primary school age),SE.PRM.UNER.ZS,Ethiopia,ETH,12.7920303344727
Children out of school (% of primary school age),SE.PRM.UNER.ZS,India,IND,5.37329006195068
Children out of school (% of primary school age),SE.PRM.UNER.ZS,Indonesia,IDN,..
Children out of school (% of primary school age),SE.PRM.UNER.ZS,Kenya,KEN,..
Children out of school (% of primary school age),SE.PRM.UNER.ZS,Mozambique,MOZ,0.867150008678436
Children out of school (% of primary school age),SE.PRM.UNER.ZS,Myanmar,MMR,..
Children out of school (% of primary school age),SE.PRM.UNER.ZS,Nigeria,NGA,..
Children out of school (% of primary school age),SE.PRM.UNER.ZS,Pakistan,PAK,..
Children out of school (% of primary school age),SE.PRM.UNER.ZS,Philippines,PHL,..
Children out of school (% of primary school age),SE.PRM.UNER.ZS,Russian Federation,RUS,..
Children out of school (% of primary school age),SE.PRM.UNER.ZS,South Africa,ZAF,..
Children out of school (% of primary school age),SE.PRM.UNER.ZS,Thailand,THA,..
Children out of school (% of primary school age),SE.PRM.UNER.ZS,Tanzania,TZA,16.078929901123
Children out of school (% of primary school age),SE.PRM.UNER.ZS,Vietnam,VNM,..
Children out of school (% of primary school age),SE.PRM.UNER.ZS,Cambodia,KHM,10.8462600708008
Children out of school (% of primary school age),SE.PRM.UNER.ZS,Central African Republic,CAF,..
Children out of school (% of primary school age),SE.PRM.UNER.ZS,"Congo, Rep.",COG,..
Children out of school (% of primary school age),SE.PRM.UNER.ZS,Lesotho,LSO,..
Children out of school (% of primary school age),SE.PRM.UNER.ZS,Liberia,LBR,..
Children out of school (% of primary school age),SE.PRM.UNER.ZS,Namibia,NAM,..
Children out of school (% of primary school age),SE.PRM.UNER.ZS,Papua New Guinea,PNG,..
Children out of school (% of primary school age),SE.PRM.UNER.ZS,Sierra Leone,SLE,..
Children out of school (% of primary school age),SE.PRM.UNER.ZS,Zambia,ZMB,..
Children out of school (% of primary school age),SE.PRM.UNER.ZS,Zimbabwe,ZWE,13.6371698379517
GDP (current US$),NY.GDP.MKTP.CD,Angola,AGO,62306913444.2917
GDP (current US$),NY.GDP.MKTP.CD,Bangladesh,BGD,324239176765.053
GDP (current US$),NY.GDP.MKTP.CD,Brazil,BRA,1444733258971.65
GDP (current US$),NY.GDP.MKTP.CD,China,CHN,14722730697890.1
GDP (current US$),NY.GDP.MKTP.CD,"Korea, Dem. People's Rep.",PRK,..
GDP (current US$),NY.GDP.MKTP.CD,"Congo, Dem. Rep.",COD,49868970641.1062
GDP (current US$),NY.GDP.MKTP.CD,Ethiopia,ETH,107645054311.876
GDP (current US$),NY.GDP.MKTP.CD,India,IND,2622983732006.45
GDP (current US$),NY.GDP.MKTP.CD,Indonesia,IDN,1058423838345.14
GDP (current US$),NY.GDP.MKTP.CD,Kenya,KEN,98842939649.1149
GDP (current US$),NY.GDP.MKTP.CD,Mozambique,MOZ,14021421105.9078
GDP (current US$),NY.GDP.MKTP.CD,Myanmar,MMR,76185586096.7974
GDP (current US$),NY.GDP.MKTP.CD,Nigeria,NGA,432293776262.398
GDP (current US$),NY.GDP.MKTP.CD,Pakistan,PAK,263686552686.208
GDP (current US$),NY.GDP.MKTP.CD,Philippines,PHL,361489354350
GDP (current US$),NY.GDP.MKTP.CD,Russian Federation,RUS,1483497784867.6
GDP (current US$),NY.GDP.MKTP.CD,South Africa,ZAF,301923639269.552
GDP (current US$),NY.GDP.MKTP.CD,Thailand,THA,501794961925.244
GDP (current US$),NY.GDP.MKTP.CD,Tanzania,TZA,62409748426.5824
GDP (current US$),NY.GDP.MKTP.CD,Vietnam,VNM,271158442059.082
GDP (current US$),NY.GDP.MKTP.CD,Cambodia,KHM,25291251427.3979
GDP (current US$),NY.GDP.MKTP.CD,Central African Republic,CAF,2303078337.57431
GDP (current US$),NY.GDP.MKTP.CD,"Congo, Rep.",COG,10884686142.6442
GDP (current US$),NY.GDP.MKTP.CD,Lesotho,LSO,1844510137.67817
GDP (current US$),NY.GDP.MKTP.CD,Liberia,LBR,2950000000
GDP (current US$),NY.GDP.MKTP.CD,Namibia,NAM,10699926682.6513
GDP (current US$),NY.GDP.MKTP.CD,Papua New Guinea,PNG,23591523025.2864
GDP (current US$),NY.GDP.MKTP.CD,Sierra Leone,SLE,3865018882.89755
GDP (current US$),NY.GDP.MKTP.CD,Zambia,ZMB,19320053859.279
GDP (current US$),NY.GDP.MKTP.CD,Zimbabwe,ZWE,16768513442.6415
GDP per capita (current US$),NY.GDP.PCAP.CD,Angola,AGO,1895.77086891313
GDP per capita (current US$),NY.GDP.PCAP.CD,Bangladesh,BGD,1968.79222484581
GDP per capita (current US$),NY.GDP.PCAP.CD,Brazil,BRA,6796.84454227877
GDP per capita (current US$),NY.GDP.PCAP.CD,China,CHN,10500.3956159637
GDP per capita (current US$),NY.GDP.PCAP.CD,"Korea, Dem. People's Rep.",PRK,..
GDP per capita (current US$),NY.GDP.PCAP.CD,"Congo, Dem. Rep.",COD,556.813185299175
GDP per capita (current US$),NY.GDP.PCAP.CD,Ethiopia,ETH,936.340461064749
GDP per capita (current US$),NY.GDP.PCAP.CD,India,IND,1900.70680971528
GDP per capita (current US$),NY.GDP.PCAP.CD,Indonesia,IDN,3869.58842704537
GDP per capita (current US$),NY.GDP.PCAP.CD,Kenya,KEN,1838.20996794042
GDP per capita (current US$),NY.GDP.PCAP.CD,Mozambique,MOZ,448.607453580724
GDP per capita (current US$),NY.GDP.PCAP.CD,Myanmar,MMR,1400.21824189956
GDP per capita (current US$),NY.GDP.PCAP.CD,Nigeria,NGA,2097.09247289022
GDP per capita (current US$),NY.GDP.PCAP.CD,Pakistan,PAK,1193.73339713731
GDP per capita (current US$),NY.GDP.PCAP.CD,Philippines,PHL,3298.8298514292
GDP per capita (current US$),NY.GDP.PCAP.CD,Russian Federation,RUS,10126.7217935297
GDP per capita (current US$),NY.GDP.PCAP.CD,South Africa,ZAF,5090.71502455292
GDP per capita (current US$),NY.GDP.PCAP.CD,Thailand,THA,7189.04183501668
GDP per capita (current US$),NY.GDP.PCAP.CD,Tanzania,TZA,1076.47038455352
GDP per capita (current US$),NY.GDP.PCAP.CD,Vietnam,VNM,2785.724156875
GDP per capita (current US$),NY.GDP.PCAP.CD,Cambodia,KHM,1512.72775264685
GDP per capita (current US$),NY.GDP.PCAP.CD,Central African Republic,CAF,476.851112719857
GDP per capita (current US$),NY.GDP.PCAP.CD,"Congo, Rep.",COG,1972.54524619093
GDP per capita (current US$),NY.GDP.PCAP.CD,Lesotho,LSO,861.014548091526
GDP per capita (current US$),NY.GDP.PCAP.CD,Liberia,LBR,583.271727316711
GDP per capita (current US$),NY.GDP.PCAP.CD,Namibia,NAM,4211.05092913395
GDP per capita (current US$),NY.GDP.PCAP.CD,Papua New Guinea,PNG,2636.8002494333
GDP per capita (current US$),NY.GDP.PCAP.CD,Sierra Leone,SLE,484.521267483585
GDP per capita (current US$),NY.GDP.PCAP.CD,Zambia,ZMB,1050.91928305741
GDP per capita (current US$),NY.GDP.PCAP.CD,Zimbabwe,ZWE,1128.21071129808
GNI (current US$),NY.GNP.MKTP.CD,Angola,AGO,57402543636.1712
GNI (current US$),NY.GNP.MKTP.CD,Bangladesh,BGD,338933058607.445
GNI (current US$),NY.GNP.MKTP.CD,Brazil,BRA,1417068693062.22
GNI (current US$),NY.GNP.MKTP.CD,China,CHN,14623681312311.6
GNI (current US$),NY.GNP.MKTP.CD,"Korea, Dem. People's Rep.",PRK,..
GNI (current US$),NY.GNP.MKTP.CD,"Congo, Dem. Rep.",COD,48596099296.416
GNI (current US$),NY.GNP.MKTP.CD,Ethiopia,ETH,107062239280.072
GNI (current US$),NY.GNP.MKTP.CD,India,IND,2598299250058.05
GNI (current US$),NY.GNP.MKTP.CD,Indonesia,IDN,1029919366254.2
GNI (current US$),NY.GNP.MKTP.CD,Kenya,KEN,97005399322.162
GNI (current US$),NY.GNP.MKTP.CD,Mozambique,MOZ,13558723676.1599
GNI (current US$),NY.GNP.MKTP.CD,Myanmar,MMR,73922116985.8019
GNI (current US$),NY.GNP.MKTP.CD,Nigeria,NGA,416521073586.096
GNI (current US$),NY.GNP.MKTP.CD,Pakistan,PAK,258004551597.38
GNI (current US$),NY.GNP.MKTP.CD,Philippines,PHL,389323919372.292
GNI (current US$),NY.GNP.MKTP.CD,Russian Federation,RUS,1448704617346.39
GNI (current US$),NY.GNP.MKTP.CD,South Africa,ZAF,296205721888.908
GNI (current US$),NY.GNP.MKTP.CD,Thailand,THA,487771787931.756
GNI (current US$),NY.GNP.MKTP.CD,Tanzania,TZA,61909170639.1114
GNI (current US$),NY.GNP.MKTP.CD,Vietnam,VNM,256920558288.034
GNI (current US$),NY.GNP.MKTP.CD,Cambodia,KHM,24280926776.4293
GNI (current US$),NY.GNP.MKTP.CD,Central African Republic,CAF,2456787986.5349
GNI (current US$),NY.GNP.MKTP.CD,"Congo, Rep.",COG,9312877437.95019
GNI (current US$),NY.GNP.MKTP.CD,Lesotho,LSO,2098178810.17108
GNI (current US$),NY.GNP.MKTP.CD,Liberia,LBR,2589500410.68347
GNI (current US$),NY.GNP.MKTP.CD,Namibia,NAM,10518846493.4957
GNI (current US$),NY.GNP.MKTP.CD,Papua New Guinea,PNG,23142440302.5796
GNI (current US$),NY.GNP.MKTP.CD,Sierra Leone,SLE,3720678059.36576
GNI (current US$),NY.GNP.MKTP.CD,Zambia,ZMB,18797913225.5057
GNI (current US$),NY.GNP.MKTP.CD,Zimbabwe,ZWE,16494622182.6751
"GNI per capita, Atlas method (current US$)",NY.GNP.PCAP.CD,Angola,AGO,2230
"GNI per capita, Atlas method (current US$)",NY.GNP.PCAP.CD,Bangladesh,BGD,2010
"GNI per capita, Atlas method (current US$)",NY.GNP.PCAP.CD,Brazil,BRA,7850
"GNI per capita, Atlas method (current US$)",NY.GNP.PCAP.CD,China,CHN,10610
"GNI per capita, Atlas method (current US$)",NY.GNP.PCAP.CD,"Korea, Dem. People's Rep.",PRK,..
"GNI per capita, Atlas method (current US$)",NY.GNP.PCAP.CD,"Congo, Dem. Rep.",COD,550
"GNI per capita, Atlas method (current US$)",NY.GNP.PCAP.CD,Ethiopia,ETH,890
"GNI per capita, Atlas method (current US$)",NY.GNP.PCAP.CD,India,IND,1900
"GNI per capita, Atlas method (current US$)",NY.GNP.PCAP.CD,Indonesia,IDN,3870
"GNI per capita, Atlas method (current US$)",NY.GNP.PCAP.CD,Kenya,KEN,1760
"GNI per capita, Atlas method (current US$)",NY.GNP.PCAP.CD,Mozambique,MOZ,460
"GNI per capita, Atlas method (current US$)",NY.GNP.PCAP.CD,Myanmar,MMR,1260
"GNI per capita, Atlas method (current US$)",NY.GNP.PCAP.CD,Nigeria,NGA,2000
"GNI per capita, Atlas method (current US$)",NY.GNP.PCAP.CD,Pakistan,PAK,1280
"GNI per capita, Atlas method (current US$)",NY.GNP.PCAP.CD,Philippines,PHL,3430
"GNI per capita, Atlas method (current US$)",NY.GNP.PCAP.CD,Russian Federation,RUS,10690
"GNI per capita, Atlas method (current US$)",NY.GNP.PCAP.CD,South Africa,ZAF,5410
"GNI per capita, Atlas method (current US$)",NY.GNP.PCAP.CD,Thailand,THA,7050
"GNI per capita, Atlas method (current US$)",NY.GNP.PCAP.CD,Tanzania,TZA,1080
"GNI per capita, Atlas method (current US$)",NY.GNP.PCAP.CD,Vietnam,VNM,2660
"GNI per capita, Atlas method (current US$)",NY.GNP.PCAP.CD,Cambodia,KHM,1490
"GNI per capita, Atlas method (current US$)",NY.GNP.PCAP.CD,Central African Republic,CAF,510
"GNI per capita, Atlas method (current US$)",NY.GNP.PCAP.CD,"Congo, Rep.",COG,1830
"GNI per capita, Atlas method (current US$)",NY.GNP.PCAP.CD,Lesotho,LSO,1100
"GNI per capita, Atlas method (current US$)",NY.GNP.PCAP.CD,Liberia,LBR,530
"GNI per capita, Atlas method (current US$)",NY.GNP.PCAP.CD,Namibia,NAM,4520
"GNI per capita, Atlas method (current US$)",NY.GNP.PCAP.CD,Papua New Guinea,PNG,2660
"GNI per capita, Atlas method (current US$)",NY.GNP.PCAP.CD,Sierra Leone,SLE,490
"GNI per capita, Atlas method (current US$)",NY.GNP.PCAP.CD,Zambia,ZMB,1190
"GNI per capita, Atlas method (current US$)",NY.GNP.PCAP.CD,Zimbabwe,ZWE,1090
"Incidence of HIV, all (per 1,000 uninfected population)",SH.HIV.INCD.TL.P3,Angola,AGO,0.69
"Incidence of HIV, all (per 1,000 uninfected population)",SH.HIV.INCD.TL.P3,Bangladesh,BGD,..
"Incidence of HIV, all (per 1,000 uninfected population)",SH.HIV.INCD.TL.P3,Brazil,BRA,0.23
"Incidence of HIV, all (per 1,000 uninfected population)",SH.HIV.INCD.TL.P3,China,CHN,..
"Incidence of HIV, all (per 1,000 uninfected population)",SH.HIV.INCD.TL.P3,"Korea, Dem. People's Rep.",PRK,..
"Incidence of HIV, all (per 1,000 uninfected population)",SH.HIV.INCD.TL.P3,"Congo, Dem. Rep.",COD,0.18
"Incidence of HIV, all (per 1,000 uninfected population)",SH.HIV.INCD.TL.P3,Ethiopia,ETH,0.12
"Incidence of HIV, all (per 1,000 uninfected population)",SH.HIV.INCD.TL.P3,India,IND,0.04
"Incidence of HIV, all (per 1,000 uninfected population)",SH.HIV.INCD.TL.P3,Indonesia,IDN,0.1
"Incidence of HIV, all (per 1,000 uninfected population)",SH.HIV.INCD.TL.P3,Kenya,KEN,0.72
"Incidence of HIV, all (per 1,000 uninfected population)",SH.HIV.INCD.TL.P3,Mozambique,MOZ,3.5
"Incidence of HIV, all (per 1,000 uninfected population)",SH.HIV.INCD.TL.P3,Myanmar,MMR,..
"Incidence of HIV, all (per 1,000 uninfected population)",SH.HIV.INCD.TL.P3,Nigeria,NGA,0.42
"Incidence of HIV, all (per 1,000 uninfected population)",SH.HIV.INCD.TL.P3,Pakistan,PAK,0.12
"Incidence of HIV, all (per 1,000 uninfected population)",SH.HIV.INCD.TL.P3,Philippines,PHL,0.15
"Incidence of HIV, all (per 1,000 uninfected population)",SH.HIV.INCD.TL.P3,Russian Federation,RUS,..
"Incidence of HIV, all (per 1,000 uninfected population)",SH.HIV.INCD.TL.P3,South Africa,ZAF,4.6
"Incidence of HIV, all (per 1,000 uninfected population)",SH.HIV.INCD.TL.P3,Thailand,THA,0.1
"Incidence of HIV, all (per 1,000 uninfected population)",SH.HIV.INCD.TL.P3,Tanzania,TZA,1.26
"Incidence of HIV, all (per 1,000 uninfected population)",SH.HIV.INCD.TL.P3,Vietnam,VNM,0.06
"Incidence of HIV, all (per 1,000 uninfected population)",SH.HIV.INCD.TL.P3,Cambodia,KHM,0.07
"Incidence of HIV, all (per 1,000 uninfected population)",SH.HIV.INCD.TL.P3,Central African Republic,CAF,..
"Incidence of HIV, all (per 1,000 uninfected population)",SH.HIV.INCD.TL.P3,"Congo, Rep.",COG,1.94
"Incidence of HIV, all (per 1,000 uninfected population)",SH.HIV.INCD.TL.P3,Lesotho,LSO,4.91
"Incidence of HIV, all (per 1,000 uninfected population)",SH.HIV.INCD.TL.P3,Liberia,LBR,0.29
"Incidence of HIV, all (per 1,000 uninfected population)",SH.HIV.INCD.TL.P3,Namibia,NAM,2.44
"Incidence of HIV, all (per 1,000 uninfected population)",SH.HIV.INCD.TL.P3,Papua New Guinea,PNG,0.39
"Incidence of HIV, all (per 1,000 uninfected population)",SH.HIV.INCD.TL.P3,Sierra Leone,SLE,0.7
"Incidence of HIV, all (per 1,000 uninfected population)",SH.HIV.INCD.TL.P3,Zambia,ZMB,3.64
"Incidence of HIV, all (per 1,000 uninfected population)",SH.HIV.INCD.TL.P3,Zimbabwe,ZWE,1.74
"Incidence of malaria (per 1,000 population at risk)",SH.MLR.INCD.P3,Angola,AGO,..
"Incidence of malaria (per 1,000 population at risk)",SH.MLR.INCD.P3,Bangladesh,BGD,..
"Incidence of malaria (per 1,000 population at risk)",SH.MLR.INCD.P3,Brazil,BRA,..
"Incidence of malaria (per 1,000 population at risk)",SH.MLR.INCD.P3,China,CHN,..
"Incidence of malaria (per 1,000 population at risk)",SH.MLR.INCD.P3,"Korea, Dem. People's Rep.",PRK,..
"Incidence of malaria (per 1,000 population at risk)",SH.MLR.INCD.P3,"Congo, Dem. Rep.",COD,..
"Incidence of malaria (per 1,000 population at risk)",SH.MLR.INCD.P3,Ethiopia,ETH,..
"Incidence of malaria (per 1,000 population at risk)",SH.MLR.INCD.P3,India,IND,..
"Incidence of malaria (per 1,000 population at risk)",SH.MLR.INCD.P3,Indonesia,IDN,..
"Incidence of malaria (per 1,000 population at risk)",SH.MLR.INCD.P3,Kenya,KEN,..
"Incidence of malaria (per 1,000 population at risk)",SH.MLR.INCD.P3,Mozambique,MOZ,..
"Incidence of malaria (per 1,000 population at risk)",SH.MLR.INCD.P3,Myanmar,MMR,..
"Incidence of malaria (per 1,000 population at risk)",SH.MLR.INCD.P3,Nigeria,NGA,..
"Incidence of malaria (per 1,000 population at risk)",SH.MLR.INCD.P3,Pakistan,PAK,..
"Incidence of malaria (per 1,000 population at risk)",SH.MLR.INCD.P3,Philippines,PHL,..
"Incidence of malaria (per 1,000 population at risk)",SH.MLR.INCD.P3,Russian Federation,RUS,..
"Incidence of malaria (per 1,000 population at risk)",SH.MLR.INCD.P3,South Africa,ZAF,..
"Incidence of malaria (per 1,000 population at risk)",SH.MLR.INCD.P3,Thailand,THA,..
"Incidence of malaria (per 1,000 population at risk)",SH.MLR.INCD.P3,Tanzania,TZA,..
"Incidence of malaria (per 1,000 population at risk)",SH.MLR.INCD.P3,Vietnam,VNM,..
"Incidence of malaria (per 1,000 population at risk)",SH.MLR.INCD.P3,Cambodia,KHM,..
"Incidence of malaria (per 1,000 population at risk)",SH.MLR.INCD.P3,Central African Republic,CAF,..
"Incidence of malaria (per 1,000 population at risk)",SH.MLR.INCD.P3,"Congo, Rep.",COG,..
"Incidence of malaria (per 1,000 population at risk)",SH.MLR.INCD.P3,Lesotho,LSO,..
"Incidence of malaria (per 1,000 population at risk)",SH.MLR.INCD.P3,Liberia,LBR,..
"Incidence of malaria (per 1,000 population at risk)",SH.MLR.INCD.P3,Namibia,NAM,..
"Incidence of malaria (per 1,000 population at risk)",SH.MLR.INCD.P3,Papua New Guinea,PNG,..
"Incidence of malaria (per 1,000 population at risk)",SH.MLR.INCD.P3,Sierra Leone,SLE,..
"Incidence of malaria (per 1,000 population at risk)",SH.MLR.INCD.P3,Zambia,ZMB,..
"Incidence of malaria (per 1,000 population at risk)",SH.MLR.INCD.P3,Zimbabwe,ZWE,..
Lifetime risk of maternal death (%),SH.MMR.RISK.ZS,Angola,AGO,..
Lifetime risk of maternal death (%),SH.MMR.RISK.ZS,Bangladesh,BGD,..
Lifetime risk of maternal death (%),SH.MMR.RISK.ZS,Brazil,BRA,..
Lifetime risk of maternal death (%),SH.MMR.RISK.ZS,China,CHN,..
Lifetime risk of maternal death (%),SH.MMR.RISK.ZS,"Korea, Dem. People's Rep.",PRK,..
Lifetime risk of maternal death (%),SH.MMR.RISK.ZS,"Congo, Dem. Rep.",COD,..
Lifetime risk of maternal death (%),SH.MMR.RISK.ZS,Ethiopia,ETH,..
Lifetime risk of maternal death (%),SH.MMR.RISK.ZS,India,IND,..
Lifetime risk of maternal death (%),SH.MMR.RISK.ZS,Indonesia,IDN,..
Lifetime risk of maternal death (%),SH.MMR.RISK.ZS,Kenya,KEN,..
Lifetime risk of maternal death (%),SH.MMR.RISK.ZS,Mozambique,MOZ,..
Lifetime risk of maternal death (%),SH.MMR.RISK.ZS,Myanmar,MMR,..
Lifetime risk of maternal death (%),SH.MMR.RISK.ZS,Nigeria,NGA,..
Lifetime risk of maternal death (%),SH.MMR.RISK.ZS,Pakistan,PAK,..
Lifetime risk of maternal death (%),SH.MMR.RISK.ZS,Philippines,PHL,..
Lifetime risk of maternal death (%),SH.MMR.RISK.ZS,Russian Federation,RUS,..
Lifetime risk of maternal death (%),SH.MMR.RISK.ZS,South Africa,ZAF,..
Lifetime risk of maternal death (%),SH.MMR.RISK.ZS,Thailand,THA,..
Lifetime risk of maternal death (%),SH.MMR.RISK.ZS,Tanzania,TZA,..
Lifetime risk of maternal death (%),SH.MMR.RISK.ZS,Vietnam,VNM,..
Lifetime risk of maternal death (%),SH.MMR.RISK.ZS,Cambodia,KHM,..
Lifetime risk of maternal death (%),SH.MMR.RISK.ZS,Central African Republic,CAF,..
Lifetime risk of maternal death (%),SH.MMR.RISK.ZS,"Congo, Rep.",COG,..
Lifetime risk of maternal death (%),SH.MMR.RISK.ZS,Lesotho,LSO,..
Lifetime risk of maternal death (%),SH.MMR.RISK.ZS,Liberia,LBR,..
Lifetime risk of maternal death (%),SH.MMR.RISK.ZS,Namibia,NAM,..
Lifetime risk of maternal death (%),SH.MMR.RISK.ZS,Papua New Guinea,PNG,..
Lifetime risk of maternal death (%),SH.MMR.RISK.ZS,Sierra Leone,SLE,..
Lifetime risk of maternal death (%),SH.MMR.RISK.ZS,Zambia,ZMB,..
Lifetime risk of maternal death (%),SH.MMR.RISK.ZS,Zimbabwe,ZWE,..
"Literacy rate, adult female (% of females ages 15 and above)",SE.ADT.LITR.FE.ZS,Angola,AGO,..
"Literacy rate, adult female (% of females ages 15 and above)",SE.ADT.LITR.FE.ZS,Bangladesh,BGD,72.0047836303711
"Literacy rate, adult female (% of females ages 15 and above)",SE.ADT.LITR.FE.ZS,Brazil,BRA,..
"Literacy rate, adult female (% of females ages 15 and above)",SE.ADT.LITR.FE.ZS,China,CHN,..
"Literacy rate, adult female (% of females ages 15 and above)",SE.ADT.LITR.FE.ZS,"Korea, Dem. People's Rep.",PRK,..
"Literacy rate, adult female (% of females ages 15 and above)",SE.ADT.LITR.FE.ZS,"Congo, Dem. Rep.",COD,..
"Literacy rate, adult female (% of females ages 15 and above)",SE.ADT.LITR.FE.ZS,Ethiopia,ETH,..
"Literacy rate, adult female (% of females ages 15 and above)",SE.ADT.LITR.FE.ZS,India,IND,..
"Literacy rate, adult female (% of females ages 15 and above)",SE.ADT.LITR.FE.ZS,Indonesia,IDN,94.5523529052734
"Literacy rate, adult female (% of females ages 15 and above)",SE.ADT.LITR.FE.ZS,Kenya,KEN,..
"Literacy rate, adult female (% of females ages 15 and above)",SE.ADT.LITR.FE.ZS,Mozambique,MOZ,..
"Literacy rate, adult female (% of females ages 15 and above)",SE.ADT.LITR.FE.ZS,Myanmar,MMR,..
"Literacy rate, adult female (% of females ages 15 and above)",SE.ADT.LITR.FE.ZS,Nigeria,NGA,..
"Literacy rate, adult female (% of females ages 15 and above)",SE.ADT.LITR.FE.ZS,Pakistan,PAK,..
"Literacy rate, adult female (% of females ages 15 and above)",SE.ADT.LITR.FE.ZS,Philippines,PHL,..
"Literacy rate, adult female (% of females ages 15 and above)",SE.ADT.LITR.FE.ZS,Russian Federation,RUS,..
"Literacy rate, adult female (% of females ages 15 and above)",SE.ADT.LITR.FE.ZS,South Africa,ZAF,..
"Literacy rate, adult female (% of females ages 15 and above)",SE.ADT.LITR.FE.ZS,Thailand,THA,..
"Literacy rate, adult female (% of females ages 15 and above)",SE.ADT.LITR.FE.ZS,Tanzania,TZA,..
"Literacy rate, adult female (% of females ages 15 and above)",SE.ADT.LITR.FE.ZS,Vietnam,VNM,..
"Literacy rate, adult female (% of females ages 15 and above)",SE.ADT.LITR.FE.ZS,Cambodia,KHM,..
"Literacy rate, adult female (% of females ages 15 and above)",SE.ADT.LITR.FE.ZS,Central African Republic,CAF,..
"Literacy rate, adult female (% of females ages 15 and above)",SE.ADT.LITR.FE.ZS,"Congo, Rep.",COG,..
"Literacy rate, adult female (% of females ages 15 and above)",SE.ADT.LITR.FE.ZS,Lesotho,LSO,..
"Literacy rate, adult female (% of females ages 15 and above)",SE.ADT.LITR.FE.ZS,Liberia,LBR,..
"Literacy rate, adult female (% of females ages 15 and above)",SE.ADT.LITR.FE.ZS,Namibia,NAM,..
"Literacy rate, adult female (% of females ages 15 and above)",SE.ADT.LITR.FE.ZS,Papua New Guinea,PNG,..
"Literacy rate, adult female (% of females ages 15 and above)",SE.ADT.LITR.FE.ZS,Sierra Leone,SLE,..
"Literacy rate, adult female (% of females ages 15 and above)",SE.ADT.LITR.FE.ZS,Zambia,ZMB,..
"Literacy rate, adult female (% of females ages 15 and above)",SE.ADT.LITR.FE.ZS,Zimbabwe,ZWE,..
"Maternal mortality ratio (national estimate, per 100,000 live births)",SH.STA.MMRT.NE,Angola,AGO,..
"Maternal mortality ratio (national estimate, per 100,000 live births)",SH.STA.MMRT.NE,Bangladesh,BGD,..
"Maternal mortality ratio (national estimate, per 100,000 live births)",SH.STA.MMRT.NE,Brazil,BRA,..
"Maternal mortality ratio (national estimate, per 100,000 live births)",SH.STA.MMRT.NE,China,CHN,..
"Maternal mortality ratio (national estimate, per 100,000 live births)",SH.STA.MMRT.NE,"Korea, Dem. People's Rep.",PRK,..
"Maternal mortality ratio (national estimate, per 100,000 live births)",SH.STA.MMRT.NE,"Congo, Dem. Rep.",COD,..
"Maternal mortality ratio (national estimate, per 100,000 live births)",SH.STA.MMRT.NE,Ethiopia,ETH,..
"Maternal mortality ratio (national estimate, per 100,000 live births)",SH.STA.MMRT.NE,India,IND,..
"Maternal mortality ratio (national estimate, per 100,000 live births)",SH.STA.MMRT.NE,Indonesia,IDN,..
"Maternal mortality ratio (national estimate, per 100,000 live births)",SH.STA.MMRT.NE,Kenya,KEN,..
"Maternal mortality ratio (national estimate, per 100,000 live births)",SH.STA.MMRT.NE,Mozambique,MOZ,..
"Maternal mortality ratio (national estimate, per 100,000 live births)",SH.STA.MMRT.NE,Myanmar,MMR,..
"Maternal mortality ratio (national estimate, per 100,000 live births)",SH.STA.MMRT.NE,Nigeria,NGA,..
"Maternal mortality ratio (national estimate, per 100,000 live births)",SH.STA.MMRT.NE,Pakistan,PAK,..
"Maternal mortality ratio (national estimate, per 100,000 live births)",SH.STA.MMRT.NE,Philippines,PHL,..
"Maternal mortality ratio (national estimate, per 100,000 live births)",SH.STA.MMRT.NE,Russian Federation,RUS,..
"Maternal mortality ratio (national estimate, per 100,000 live births)",SH.STA.MMRT.NE,South Africa,ZAF,..
"Maternal mortality ratio (national estimate, per 100,000 live births)",SH.STA.MMRT.NE,Thailand,THA,..
"Maternal mortality ratio (national estimate, per 100,000 live births)",SH.STA.MMRT.NE,Tanzania,TZA,..
"Maternal mortality ratio (national estimate, per 100,000 live births)",SH.STA.MMRT.NE,Vietnam,VNM,..
"Maternal mortality ratio (national estimate, per 100,000 live births)",SH.STA.MMRT.NE,Cambodia,KHM,..
"Maternal mortality ratio (national estimate, per 100,000 live births)",SH.STA.MMRT.NE,Central African Republic,CAF,..
"Maternal mortality ratio (national estimate, per 100,000 live births)",SH.STA.MMRT.NE,"Congo, Rep.",COG,..
"Maternal mortality ratio (national estimate, per 100,000 live births)",SH.STA.MMRT.NE,Lesotho,LSO,..
"Maternal mortality ratio (national estimate, per 100,000 live births)",SH.STA.MMRT.NE,Liberia,LBR,..
"Maternal mortality ratio (national estimate, per 100,000 live births)",SH.STA.MMRT.NE,Namibia,NAM,..
"Maternal mortality ratio (national estimate, per 100,000 live births)",SH.STA.MMRT.NE,Papua New Guinea,PNG,..
"Maternal mortality ratio (national estimate, per 100,000 live births)",SH.STA.MMRT.NE,Sierra Leone,SLE,..
"Maternal mortality ratio (national estimate, per 100,000 live births)",SH.STA.MMRT.NE,Zambia,ZMB,..
"Maternal mortality ratio (national estimate, per 100,000 live births)",SH.STA.MMRT.NE,Zimbabwe,ZWE,..
Population ages 0-14 (% of total population),SP.POP.0014.TO.ZS,Angola,AGO,46.3953623946154
Population ages 0-14 (% of total population),SP.POP.0014.TO.ZS,Bangladesh,BGD,26.7545413051915
Population ages 0-14 (% of total population),SP.POP.0014.TO.ZS,Brazil,BRA,20.7091991600636
Population ages 0-14 (% of total population),SP.POP.0014.TO.ZS,China,CHN,17.7118153851715
Population ages 0-14 (% of total population),SP.POP.0014.TO.ZS,"Korea, Dem. People's Rep.",PRK,19.843293035646
Population ages 0-14 (% of total population),SP.POP.0014.TO.ZS,"Congo, Dem. Rep.",COD,45.7951892513341
Population ages 0-14 (% of total population),SP.POP.0014.TO.ZS,Ethiopia,ETH,39.9176363563044
Population ages 0-14 (% of total population),SP.POP.0014.TO.ZS,India,IND,26.1606114389267
Population ages 0-14 (% of total population),SP.POP.0014.TO.ZS,Indonesia,IDN,25.9360062932775
Population ages 0-14 (% of total population),SP.POP.0014.TO.ZS,Kenya,KEN,38.589603642806
Population ages 0-14 (% of total population),SP.POP.0014.TO.ZS,Mozambique,MOZ,44.0627877999458
Population ages 0-14 (% of total population),SP.POP.0014.TO.ZS,Myanmar,MMR,25.4855945068719
Population ages 0-14 (% of total population),SP.POP.0014.TO.ZS,Nigeria,NGA,43.4876107179975
Population ages 0-14 (% of total population),SP.POP.0014.TO.ZS,Pakistan,PAK,34.8195636842817
Population ages 0-14 (% of total population),SP.POP.0014.TO.ZS,Philippines,PHL,30.0426785361611
Population ages 0-14 (% of total population),SP.POP.0014.TO.ZS,Russian Federation,RUS,18.3622618213373
Population ages 0-14 (% of total population),SP.POP.0014.TO.ZS,South Africa,ZAF,28.8011250965078
Population ages 0-14 (% of total population),SP.POP.0014.TO.ZS,Thailand,THA,16.5524951884655
Population ages 0-14 (% of total population),SP.POP.0014.TO.ZS,Tanzania,TZA,43.5544280499328
Population ages 0-14 (% of total population),SP.POP.0014.TO.ZS,Vietnam,VNM,23.1940369706856
Population ages 0-14 (% of total population),SP.POP.0014.TO.ZS,Cambodia,KHM,30.9249525912639
Population ages 0-14 (% of total population),SP.POP.0014.TO.ZS,Central African Republic,CAF,43.541727789353
Population ages 0-14 (% of total population),SP.POP.0014.TO.ZS,"Congo, Rep.",COG,41.2702626834263
Population ages 0-14 (% of total population),SP.POP.0014.TO.ZS,Lesotho,LSO,32.2380358212327
Population ages 0-14 (% of total population),SP.POP.0014.TO.ZS,Liberia,LBR,40.372218018495
Population ages 0-14 (% of total population),SP.POP.0014.TO.ZS,Namibia,NAM,36.8412435726641
Population ages 0-14 (% of total population),SP.POP.0014.TO.ZS,Papua New Guinea,PNG,35.1460105617242
Population ages 0-14 (% of total population),SP.POP.0014.TO.ZS,Sierra Leone,SLE,40.3436236481888
Population ages 0-14 (% of total population),SP.POP.0014.TO.ZS,Zambia,ZMB,44.0173890765072
Population ages 0-14 (% of total population),SP.POP.0014.TO.ZS,Zimbabwe,ZWE,41.9111003998944
"Primary education, pupils (% female)",SE.PRM.ENRL.FE.ZS,Angola,AGO,..
"Primary education, pupils (% female)",SE.PRM.ENRL.FE.ZS,Bangladesh,BGD,..
"Primary education, pupils (% female)",SE.PRM.ENRL.FE.ZS,Brazil,BRA,..
"Primary education, pupils (% female)",SE.PRM.ENRL.FE.ZS,China,CHN,..
"Primary education, pupils (% female)",SE.PRM.ENRL.FE.ZS,"Korea, Dem. People's Rep.",PRK,..
"Primary education, pupils (% female)",SE.PRM.ENRL.FE.ZS,"Congo, Dem. Rep.",COD,..
"Primary education, pupils (% female)",SE.PRM.ENRL.FE.ZS,Ethiopia,ETH,..
"Primary education, pupils (% female)",SE.PRM.ENRL.FE.ZS,India,IND,..
"Primary education, pupils (% female)",SE.PRM.ENRL.FE.ZS,Indonesia,IDN,..
"Primary education, pupils (% female)",SE.PRM.ENRL.FE.ZS,Kenya,KEN,..
"Primary education, pupils (% female)",SE.PRM.ENRL.FE.ZS,Mozambique,MOZ,..
"Primary education, pupils (% female)",SE.PRM.ENRL.FE.ZS,Myanmar,MMR,..
"Primary education, pupils (% female)",SE.PRM.ENRL.FE.ZS,Nigeria,NGA,..
"Primary education, pupils (% female)",SE.PRM.ENRL.FE.ZS,Pakistan,PAK,..
"Primary education, pupils (% female)",SE.PRM.ENRL.FE.ZS,Philippines,PHL,..
"Primary education, pupils (% female)",SE.PRM.ENRL.FE.ZS,Russian Federation,RUS,..
"Primary education, pupils (% female)",SE.PRM.ENRL.FE.ZS,South Africa,ZAF,..
"Primary education, pupils (% female)",SE.PRM.ENRL.FE.ZS,Thailand,THA,..
"Primary education, pupils (% female)",SE.PRM.ENRL.FE.ZS,Tanzania,TZA,..
"Primary education, pupils (% female)",SE.PRM.ENRL.FE.ZS,Vietnam,VNM,..
"Primary education, pupils (% female)",SE.PRM.ENRL.FE.ZS,Cambodia,KHM,..
"Primary education, pupils (% female)",SE.PRM.ENRL.FE.ZS,Central African Republic,CAF,..
"Primary education, pupils (% female)",SE.PRM.ENRL.FE.ZS,"Congo, Rep.",COG,..
"Primary education, pupils (% female)",SE.PRM.ENRL.FE.ZS,Lesotho,LSO,..
"Primary education, pupils (% female)",SE.PRM.ENRL.FE.ZS,Liberia,LBR,..
"Primary education, pupils (% female)",SE.PRM.ENRL.FE.ZS,Namibia,NAM,..
"Primary education, pupils (% female)",SE.PRM.ENRL.FE.ZS,Papua New Guinea,PNG,..
"Primary education, pupils (% female)",SE.PRM.ENRL.FE.ZS,Sierra Leone,SLE,..
"Primary education, pupils (% female)",SE.PRM.ENRL.FE.ZS,Zambia,ZMB,..
"Primary education, pupils (% female)",SE.PRM.ENRL.FE.ZS,Zimbabwe,ZWE,..
"School enrollment, preprimary, female (% gross)",SE.PRE.ENRR.FE,Angola,AGO,..
"School enrollment, preprimary, female (% gross)",SE.PRE.ENRR.FE,Bangladesh,BGD,46.8312110900879
"School enrollment, preprimary, female (% gross)",SE.PRE.ENRR.FE,Brazil,BRA,..
"School enrollment, preprimary, female (% gross)",SE.PRE.ENRR.FE,China,CHN,90.7343292236328
"School enrollment, preprimary, female (% gross)",SE.PRE.ENRR.FE,"Korea, Dem. People's Rep.",PRK,..
"School enrollment, preprimary, female (% gross)",SE.PRE.ENRR.FE,"Congo, Dem. Rep.",COD,..
"School enrollment, preprimary, female (% gross)",SE.PRE.ENRR.FE,Ethiopia,ETH,32.2985305786133
"School enrollment, preprimary, female (% gross)",SE.PRE.ENRR.FE,India,IND,61.3407287597656
"School enrollment, preprimary, female (% gross)",SE.PRE.ENRR.FE,Indonesia,IDN,..
"School enrollment, preprimary, female (% gross)",SE.PRE.ENRR.FE,Kenya,KEN,..
"School enrollment, preprimary, female (% gross)",SE.PRE.ENRR.FE,Mozambique,MOZ,..
"School enrollment, preprimary, female (% gross)",SE.PRE.ENRR.FE,Myanmar,MMR,..
"School enrollment, preprimary, female (% gross)",SE.PRE.ENRR.FE,Nigeria,NGA,..
"School enrollment, preprimary, female (% gross)",SE.PRE.ENRR.FE,Pakistan,PAK,..
"School enrollment, preprimary, female (% gross)",SE.PRE.ENRR.FE,Philippines,PHL,..
"School enrollment, preprimary, female (% gross)",SE.PRE.ENRR.FE,Russian Federation,RUS,..
"School enrollment, preprimary, female (% gross)",SE.PRE.ENRR.FE,South Africa,ZAF,..
"School enrollment, preprimary, female (% gross)",SE.PRE.ENRR.FE,Thailand,THA,75.2993774414063
"School enrollment, preprimary, female (% gross)",SE.PRE.ENRR.FE,Tanzania,TZA,77.9697418212891
"School enrollment, preprimary, female (% gross)",SE.PRE.ENRR.FE,Vietnam,VNM,94.14013671875
"School enrollment, preprimary, female (% gross)",SE.PRE.ENRR.FE,Cambodia,KHM,27.6979808807373
"School enrollment, preprimary, female (% gross)",SE.PRE.ENRR.FE,Central African Republic,CAF,..
"School enrollment, preprimary, female (% gross)",SE.PRE.ENRR.FE,"Congo, Rep.",COG,..
"School enrollment, preprimary, female (% gross)",SE.PRE.ENRR.FE,Lesotho,LSO,..
"School enrollment, preprimary, female (% gross)",SE.PRE.ENRR.FE,Liberia,LBR,..
"School enrollment, preprimary, female (% gross)",SE.PRE.ENRR.FE,Namibia,NAM,..
"School enrollment, preprimary, female (% gross)",SE.PRE.ENRR.FE,Papua New Guinea,PNG,..
"School enrollment, preprimary, female (% gross)",SE.PRE.ENRR.FE,Sierra Leone,SLE,21.8865299224854
"School enrollment, preprimary, female (% gross)",SE.PRE.ENRR.FE,Zambia,ZMB,..
"School enrollment, preprimary, female (% gross)",SE.PRE.ENRR.FE,Zimbabwe,ZWE,72.6317672729492
"School enrollment, preprimary (% gross)",SE.PRE.ENRR,Angola,AGO,..
"School enrollment, preprimary (% gross)",SE.PRE.ENRR,Bangladesh,BGD,45.598949432373
"School enrollment, preprimary (% gross)",SE.PRE.ENRR,Brazil,BRA,..
"School enrollment, preprimary (% gross)",SE.PRE.ENRR,China,CHN,90.4898223876953
"School enrollment, preprimary (% gross)",SE.PRE.ENRR,"Korea, Dem. People's Rep.",PRK,..
"School enrollment, preprimary (% gross)",SE.PRE.ENRR,"Congo, Dem. Rep.",COD,..
"School enrollment, preprimary (% gross)",SE.PRE.ENRR,Ethiopia,ETH,33.258731842041
"School enrollment, preprimary (% gross)",SE.PRE.ENRR,India,IND,61.0889282226563
"School enrollment, preprimary (% gross)",SE.PRE.ENRR,Indonesia,IDN,..
"School enrollment, preprimary (% gross)",SE.PRE.ENRR,Kenya,KEN,..
"School enrollment, preprimary (% gross)",SE.PRE.ENRR,Mozambique,MOZ,..
"School enrollment, preprimary (% gross)",SE.PRE.ENRR,Myanmar,MMR,..
"School enrollment, preprimary (% gross)",SE.PRE.ENRR,Nigeria,NGA,..
"School enrollment, preprimary (% gross)",SE.PRE.ENRR,Pakistan,PAK,..
"School enrollment, preprimary (% gross)",SE.PRE.ENRR,Philippines,PHL,..
"School enrollment, preprimary (% gross)",SE.PRE.ENRR,Russian Federation,RUS,..
"School enrollment, preprimary (% gross)",SE.PRE.ENRR,South Africa,ZAF,..
"School enrollment, preprimary (% gross)",SE.PRE.ENRR,Thailand,THA,75.217399597168
"School enrollment, preprimary (% gross)",SE.PRE.ENRR,Tanzania,TZA,78.1435089111328
"School enrollment, preprimary (% gross)",SE.PRE.ENRR,Vietnam,VNM,92.7634811401367
"School enrollment, preprimary (% gross)",SE.PRE.ENRR,Cambodia,KHM,27.3292503356934
"School enrollment, preprimary (% gross)",SE.PRE.ENRR,Central African Republic,CAF,..
"School enrollment, preprimary (% gross)",SE.PRE.ENRR,"Congo, Rep.",COG,..
"School enrollment, preprimary (% gross)",SE.PRE.ENRR,Lesotho,LSO,..
"School enrollment, preprimary (% gross)",SE.PRE.ENRR,Liberia,LBR,..
"School enrollment, preprimary (% gross)",SE.PRE.ENRR,Namibia,NAM,..
"School enrollment, preprimary (% gross)",SE.PRE.ENRR,Papua New Guinea,PNG,..
"School enrollment, preprimary (% gross)",SE.PRE.ENRR,Sierra Leone,SLE,20.8393993377686
"School enrollment, preprimary (% gross)",SE.PRE.ENRR,Zambia,ZMB,..
"School enrollment, preprimary (% gross)",SE.PRE.ENRR,Zimbabwe,ZWE,72.5255966186523
"School enrollment, primary (% gross)",SE.PRM.ENRR,Angola,AGO,..
"School enrollment, primary (% gross)",SE.PRM.ENRR,Bangladesh,BGD,119.556449890137
"School enrollment, primary (% gross)",SE.PRM.ENRR,Brazil,BRA,..
"School enrollment, primary (% gross)",SE.PRM.ENRR,China,CHN,103.173957824707
"School enrollment, primary (% gross)",SE.PRM.ENRR,"Korea, Dem. People's Rep.",PRK,..
"School enrollment, primary (% gross)",SE.PRM.ENRR,"Congo, Dem. Rep.",COD,..
"School enrollment, primary (% gross)",SE.PRM.ENRR,Ethiopia,ETH,119.402976989746
"School enrollment, primary (% gross)",SE.PRM.ENRR,India,IND,99.9004592895508
"School enrollment, primary (% gross)",SE.PRM.ENRR,Indonesia,IDN,..
"School enrollment, primary (% gross)",SE.PRM.ENRR,Kenya,KEN,..
"School enrollment, primary (% gross)",SE.PRM.ENRR,Mozambique,MOZ,118.419631958008
"School enrollment, primary (% gross)",SE.PRM.ENRR,Myanmar,MMR,..
"School enrollment, primary (% gross)",SE.PRM.ENRR,Nigeria,NGA,..
"School enrollment, primary (% gross)",SE.PRM.ENRR,Pakistan,PAK,..
"School enrollment, primary (% gross)",SE.PRM.ENRR,Philippines,PHL,..
"School enrollment, primary (% gross)",SE.PRM.ENRR,Russian Federation,RUS,..
"School enrollment, primary (% gross)",SE.PRM.ENRR,South Africa,ZAF,..
"School enrollment, primary (% gross)",SE.PRM.ENRR,Thailand,THA,102.225120544434
"School enrollment, primary (% gross)",SE.PRM.ENRR,Tanzania,TZA,96.9129409790039
"School enrollment, primary (% gross)",SE.PRM.ENRR,Vietnam,VNM,117.157173156738
"School enrollment, primary (% gross)",SE.PRM.ENRR,Cambodia,KHM,105.351997375488
"School enrollment, primary (% gross)",SE.PRM.ENRR,Central African Republic,CAF,..
"School enrollment, primary (% gross)",SE.PRM.ENRR,"Congo, Rep.",COG,..
"School enrollment, primary (% gross)",SE.PRM.ENRR,Lesotho,LSO,..
"School enrollment, primary (% gross)",SE.PRM.ENRR,Liberia,LBR,..
"School enrollment, primary (% gross)",SE.PRM.ENRR,Namibia,NAM,..
"School enrollment, primary (% gross)",SE.PRM.ENRR,Papua New Guinea,PNG,..
"School enrollment, primary (% gross)",SE.PRM.ENRR,Sierra Leone,SLE,141.325317382813
"School enrollment, primary (% gross)",SE.PRM.ENRR,Zambia,ZMB,..
"School enrollment, primary (% gross)",SE.PRM.ENRR,Zimbabwe,ZWE,97.3049087524414
"School enrollment, primary, female (% gross)",SE.PRM.ENRR.FE,Angola,AGO,..
"School enrollment, primary, female (% gross)",SE.PRM.ENRR.FE,Bangladesh,BGD,124.987380981445
"School enrollment, primary, female (% gross)",SE.PRM.ENRR.FE,Brazil,BRA,..
"School enrollment, primary, female (% gross)",SE.PRM.ENRR.FE,China,CHN,103.712577819824
"School enrollment, primary, female (% gross)",SE.PRM.ENRR.FE,"Korea, Dem. People's Rep.",PRK,..
"School enrollment, primary, female (% gross)",SE.PRM.ENRR.FE,"Congo, Dem. Rep.",COD,..
"School enrollment, primary, female (% gross)",SE.PRM.ENRR.FE,Ethiopia,ETH,113.511703491211
"School enrollment, primary, female (% gross)",SE.PRM.ENRR.FE,India,IND,100.908241271973
"School enrollment, primary, female (% gross)",SE.PRM.ENRR.FE,Indonesia,IDN,..
"School enrollment, primary, female (% gross)",SE.PRM.ENRR.FE,Kenya,KEN,..
"School enrollment, primary, female (% gross)",SE.PRM.ENRR.FE,Mozambique,MOZ,114.92887878418
"School enrollment, primary, female (% gross)",SE.PRM.ENRR.FE,Myanmar,MMR,..
"School enrollment, primary, female (% gross)",SE.PRM.ENRR.FE,Nigeria,NGA,..
"School enrollment, primary, female (% gross)",SE.PRM.ENRR.FE,Pakistan,PAK,..
"School enrollment, primary, female (% gross)",SE.PRM.ENRR.FE,Philippines,PHL,..
"School enrollment, primary, female (% gross)",SE.PRM.ENRR.FE,Russian Federation,RUS,..
"School enrollment, primary, female (% gross)",SE.PRM.ENRR.FE,South Africa,ZAF,..
"School enrollment, primary, female (% gross)",SE.PRM.ENRR.FE,Thailand,THA,102.289901733398
"School enrollment, primary, female (% gross)",SE.PRM.ENRR.FE,Tanzania,TZA,98.3662185668945
"School enrollment, primary, female (% gross)",SE.PRM.ENRR.FE,Vietnam,VNM,118.565490722656
"School enrollment, primary, female (% gross)",SE.PRM.ENRR.FE,Cambodia,KHM,103.702270507813
"School enrollment, primary, female (% gross)",SE.PRM.ENRR.FE,Central African Republic,CAF,..
"School enrollment, primary, female (% gross)",SE.PRM.ENRR.FE,"Congo, Rep.",COG,..
"School enrollment, primary, female (% gross)",SE.PRM.ENRR.FE,Lesotho,LSO,..
"School enrollment, primary, female (% gross)",SE.PRM.ENRR.FE,Liberia,LBR,..
"School enrollment, primary, female (% gross)",SE.PRM.ENRR.FE,Namibia,NAM,..
"School enrollment, primary, female (% gross)",SE.PRM.ENRR.FE,Papua New Guinea,PNG,..
"School enrollment, primary, female (% gross)",SE.PRM.ENRR.FE,Sierra Leone,SLE,143.670776367188
"School enrollment, primary, female (% gross)",SE.PRM.ENRR.FE,Zambia,ZMB,..
"School enrollment, primary, female (% gross)",SE.PRM.ENRR.FE,Zimbabwe,ZWE,97.5536422729492
"School enrollment, secondary (% gross)",SE.SEC.ENRR,Angola,AGO,..
"School enrollment, secondary (% gross)",SE.SEC.ENRR,Bangladesh,BGD,74.3600769042969
"School enrollment, secondary (% gross)",SE.SEC.ENRR,Brazil,BRA,..
"School enrollment, secondary (% gross)",SE.SEC.ENRR,China,CHN,..
"School enrollment, secondary (% gross)",SE.SEC.ENRR,"Korea, Dem. People's Rep.",PRK,..
"School enrollment, secondary (% gross)",SE.SEC.ENRR,"Congo, Dem. Rep.",COD,..
"School enrollment, secondary (% gross)",SE.SEC.ENRR,Ethiopia,ETH,..
"School enrollment, secondary (% gross)",SE.SEC.ENRR,India,IND,75.4811935424805
"School enrollment, secondary (% gross)",SE.SEC.ENRR,Indonesia,IDN,..
"School enrollment, secondary (% gross)",SE.SEC.ENRR,Kenya,KEN,..
"School enrollment, secondary (% gross)",SE.SEC.ENRR,Mozambique,MOZ,..
"School enrollment, secondary (% gross)",SE.SEC.ENRR,Myanmar,MMR,..
"School enrollment, secondary (% gross)",SE.SEC.ENRR,Nigeria,NGA,..
"School enrollment, secondary (% gross)",SE.SEC.ENRR,Pakistan,PAK,..
"School enrollment, secondary (% gross)",SE.SEC.ENRR,Philippines,PHL,..
"School enrollment, secondary (% gross)",SE.SEC.ENRR,Russian Federation,RUS,..
"School enrollment, secondary (% gross)",SE.SEC.ENRR,South Africa,ZAF,..
"School enrollment, secondary (% gross)",SE.SEC.ENRR,Thailand,THA,113.794387817383
"School enrollment, secondary (% gross)",SE.SEC.ENRR,Tanzania,TZA,31.4191398620605
"School enrollment, secondary (% gross)",SE.SEC.ENRR,Vietnam,VNM,..
"School enrollment, secondary (% gross)",SE.SEC.ENRR,Cambodia,KHM,54.8304100036621
"School enrollment, secondary (% gross)",SE.SEC.ENRR,Central African Republic,CAF,..
"School enrollment, secondary (% gross)",SE.SEC.ENRR,"Congo, Rep.",COG,..
"School enrollment, secondary (% gross)",SE.SEC.ENRR,Lesotho,LSO,..
"School enrollment, secondary (% gross)",SE.SEC.ENRR,Liberia,LBR,..
"School enrollment, secondary (% gross)",SE.SEC.ENRR,Namibia,NAM,..
"School enrollment, secondary (% gross)",SE.SEC.ENRR,Papua New Guinea,PNG,..
"School enrollment, secondary (% gross)",SE.SEC.ENRR,Sierra Leone,SLE,..
"School enrollment, secondary (% gross)",SE.SEC.ENRR,Zambia,ZMB,..
"School enrollment, secondary (% gross)",SE.SEC.ENRR,Zimbabwe,ZWE,..
"School enrollment, secondary, female (% gross)",SE.SEC.ENRR.FE,Angola,AGO,..
"School enrollment, secondary, female (% gross)",SE.SEC.ENRR.FE,Bangladesh,BGD,81.4880523681641
"School enrollment, secondary, female (% gross)",SE.SEC.ENRR.FE,Brazil,BRA,..
"School enrollment, secondary, female (% gross)",SE.SEC.ENRR.FE,China,CHN,..
"School enrollment, secondary, female (% gross)",SE.SEC.ENRR.FE,"Korea, Dem. People's Rep.",PRK,..
"School enrollment, secondary, female (% gross)",SE.SEC.ENRR.FE,"Congo, Dem. Rep.",COD,..
"School enrollment, secondary, female (% gross)",SE.SEC.ENRR.FE,Ethiopia,ETH,..
"School enrollment, secondary, female (% gross)",SE.SEC.ENRR.FE,India,IND,75.2815017700195
"School enrollment, secondary, female (% gross)",SE.SEC.ENRR.FE,Indonesia,IDN,..
"School enrollment, secondary, female (% gross)",SE.SEC.ENRR.FE,Kenya,KEN,..
"School enrollment, secondary, female (% gross)",SE.SEC.ENRR.FE,Mozambique,MOZ,..
"School enrollment, secondary, female (% gross)",SE.SEC.ENRR.FE,Myanmar,MMR,..
"School enrollment, secondary, female (% gross)",SE.SEC.ENRR.FE,Nigeria,NGA,..
"School enrollment, secondary, female (% gross)",SE.SEC.ENRR.FE,Pakistan,PAK,..
"School enrollment, secondary, female (% gross)",SE.SEC.ENRR.FE,Philippines,PHL,..
"School enrollment, secondary, female (% gross)",SE.SEC.ENRR.FE,Russian Federation,RUS,..
"School enrollment, secondary, female (% gross)",SE.SEC.ENRR.FE,South Africa,ZAF,..
"School enrollment, secondary, female (% gross)",SE.SEC.ENRR.FE,Thailand,THA,112.34073638916
"School enrollment, secondary, female (% gross)",SE.SEC.ENRR.FE,Tanzania,TZA,32.8890991210938
"School enrollment, secondary, female (% gross)",SE.SEC.ENRR.FE,Vietnam,VNM,..
"School enrollment, secondary, female (% gross)",SE.SEC.ENRR.FE,Cambodia,KHM,57.0872383117676
"School enrollment, secondary, female (% gross)",SE.SEC.ENRR.FE,Central African Republic,CAF,..
"School enrollment, secondary, female (% gross)",SE.SEC.ENRR.FE,"Congo, Rep.",COG,..
"School enrollment, secondary, female (% gross)",SE.SEC.ENRR.FE,Lesotho,LSO,..
"School enrollment, secondary, female (% gross)",SE.SEC.ENRR.FE,Liberia,LBR,..
"School enrollment, secondary, female (% gross)",SE.SEC.ENRR.FE,Namibia,NAM,..
"School enrollment, secondary, female (% gross)",SE.SEC.ENRR.FE,Papua New Guinea,PNG,..
"School enrollment, secondary, female (% gross)",SE.SEC.ENRR.FE,Sierra Leone,SLE,..
"School enrollment, secondary, female (% gross)",SE.SEC.ENRR.FE,Zambia,ZMB,..
"School enrollment, secondary, female (% gross)",SE.SEC.ENRR.FE,Zimbabwe,ZWE,..
"School enrollment, tertiary (% gross)",SE.TER.ENRR,Angola,AGO,..
"School enrollment, tertiary (% gross)",SE.TER.ENRR,Bangladesh,BGD,22.8303909301758
"School enrollment, tertiary (% gross)",SE.TER.ENRR,Brazil,BRA,..
"School enrollment, tertiary (% gross)",SE.TER.ENRR,China,CHN,58.4201011657715
"School enrollment, tertiary (% gross)",SE.TER.ENRR,"Korea, Dem. People's Rep.",PRK,..
"School enrollment, tertiary (% gross)",SE.TER.ENRR,"Congo, Dem. Rep.",COD,..
"School enrollment, tertiary (% gross)",SE.TER.ENRR,Ethiopia,ETH,..
"School enrollment, tertiary (% gross)",SE.TER.ENRR,India,IND,29.4413299560547
"School enrollment, tertiary (% gross)",SE.TER.ENRR,Indonesia,IDN,..
"School enrollment, tertiary (% gross)",SE.TER.ENRR,Kenya,KEN,..
"School enrollment, tertiary (% gross)",SE.TER.ENRR,Mozambique,MOZ,..
"School enrollment, tertiary (% gross)",SE.TER.ENRR,Myanmar,MMR,..
"School enrollment, tertiary (% gross)",SE.TER.ENRR,Nigeria,NGA,..
"School enrollment, tertiary (% gross)",SE.TER.ENRR,Pakistan,PAK,..
"School enrollment, tertiary (% gross)",SE.TER.ENRR,Philippines,PHL,..
"School enrollment, tertiary (% gross)",SE.TER.ENRR,Russian Federation,RUS,..
"School enrollment, tertiary (% gross)",SE.TER.ENRR,South Africa,ZAF,..
"School enrollment, tertiary (% gross)",SE.TER.ENRR,Thailand,THA,..
"School enrollment, tertiary (% gross)",SE.TER.ENRR,Tanzania,TZA,7.83071994781494
"School enrollment, tertiary (% gross)",SE.TER.ENRR,Vietnam,VNM,..
"School enrollment, tertiary (% gross)",SE.TER.ENRR,Cambodia,KHM,..
"School enrollment, tertiary (% gross)",SE.TER.ENRR,Central African Republic,CAF,..
"School enrollment, tertiary (% gross)",SE.TER.ENRR,"Congo, Rep.",COG,..
"School enrollment, tertiary (% gross)",SE.TER.ENRR,Lesotho,LSO,..
"School enrollment, tertiary (% gross)",SE.TER.ENRR,Liberia,LBR,..
"School enrollment, tertiary (% gross)",SE.TER.ENRR,Namibia,NAM,..
"School enrollment, tertiary (% gross)",SE.TER.ENRR,Papua New Guinea,PNG,..
"School enrollment, tertiary (% gross)",SE.TER.ENRR,Sierra Leone,SLE,..
"School enrollment, tertiary (% gross)",SE.TER.ENRR,Zambia,ZMB,..
"School enrollment, tertiary (% gross)",SE.TER.ENRR,Zimbabwe,ZWE,..
"School enrollment, tertiary, female (% gross)",SE.TER.ENRR.FE,Angola,AGO,..
"School enrollment, tertiary, female (% gross)",SE.TER.ENRR.FE,Bangladesh,BGD,19.8423805236816
"School enrollment, tertiary, female (% gross)",SE.TER.ENRR.FE,Brazil,BRA,..
"School enrollment, tertiary, female (% gross)",SE.TER.ENRR.FE,China,CHN,63.9270095825195
"School enrollment, tertiary, female (% gross)",SE.TER.ENRR.FE,"Korea, Dem. People's Rep.",PRK,..
"School enrollment, tertiary, female (% gross)",SE.TER.ENRR.FE,"Congo, Dem. Rep.",COD,..
"School enrollment, tertiary, female (% gross)",SE.TER.ENRR.FE,Ethiopia,ETH,..
"School enrollment, tertiary, female (% gross)",SE.TER.ENRR.FE,India,IND,31.2939395904541
"School enrollment, tertiary, female (% gross)",SE.TER.ENRR.FE,Indonesia,IDN,..
"School enrollment, tertiary, female (% gross)",SE.TER.ENRR.FE,Kenya,KEN,..
"School enrollment, tertiary, female (% gross)",SE.TER.ENRR.FE,Mozambique,MOZ,..
"School enrollment, tertiary, female (% gross)",SE.TER.ENRR.FE,Myanmar,MMR,..
"School enrollment, tertiary, female (% gross)",SE.TER.ENRR.FE,Nigeria,NGA,..
"School enrollment, tertiary, female (% gross)",SE.TER.ENRR.FE,Pakistan,PAK,..
"School enrollment, tertiary, female (% gross)",SE.TER.ENRR.FE,Philippines,PHL,..
"School enrollment, tertiary, female (% gross)",SE.TER.ENRR.FE,Russian Federation,RUS,..
"School enrollment, tertiary, female (% gross)",SE.TER.ENRR.FE,South Africa,ZAF,..
"School enrollment, tertiary, female (% gross)",SE.TER.ENRR.FE,Thailand,THA,..
"School enrollment, tertiary, female (% gross)",SE.TER.ENRR.FE,Tanzania,TZA,7.12772989273071
"School enrollment, tertiary, female (% gross)",SE.TER.ENRR.FE,Vietnam,VNM,..
"School enrollment, tertiary, female (% gross)",SE.TER.ENRR.FE,Cambodia,KHM,..
"School enrollment, tertiary, female (% gross)",SE.TER.ENRR.FE,Central African Republic,CAF,..
"School enrollment, tertiary, female (% gross)",SE.TER.ENRR.FE,"Congo, Rep.",COG,..
"School enrollment, tertiary, female (% gross)",SE.TER.ENRR.FE,Lesotho,LSO,..
"School enrollment, tertiary, female (% gross)",SE.TER.ENRR.FE,Liberia,LBR,..
"School enrollment, tertiary, female (% gross)",SE.TER.ENRR.FE,Namibia,NAM,..
"School enrollment, tertiary, female (% gross)",SE.TER.ENRR.FE,Papua New Guinea,PNG,..
"School enrollment, tertiary, female (% gross)",SE.TER.ENRR.FE,Sierra Leone,SLE,..
"School enrollment, tertiary, female (% gross)",SE.TER.ENRR.FE,Zambia,ZMB,..
"School enrollment, tertiary, female (% gross)",SE.TER.ENRR.FE,Zimbabwe,ZWE,..
"Secondary education, general pupils (% female)",SE.SEC.ENRL.GC.FE.ZS,Angola,AGO,..
"Secondary education, general pupils (% female)",SE.SEC.ENRL.GC.FE.ZS,Bangladesh,BGD,..
"Secondary education, general pupils (% female)",SE.SEC.ENRL.GC.FE.ZS,Brazil,BRA,..
"Secondary education, general pupils (% female)",SE.SEC.ENRL.GC.FE.ZS,China,CHN,..
"Secondary education, general pupils (% female)",SE.SEC.ENRL.GC.FE.ZS,"Korea, Dem. People's Rep.",PRK,..
"Secondary education, general pupils (% female)",SE.SEC.ENRL.GC.FE.ZS,"Congo, Dem. Rep.",COD,..
"Secondary education, general pupils (% female)",SE.SEC.ENRL.GC.FE.ZS,Ethiopia,ETH,..
"Secondary education, general pupils (% female)",SE.SEC.ENRL.GC.FE.ZS,India,IND,..
"Secondary education, general pupils (% female)",SE.SEC.ENRL.GC.FE.ZS,Indonesia,IDN,..
"Secondary education, general pupils (% female)",SE.SEC.ENRL.GC.FE.ZS,Kenya,KEN,..
"Secondary education, general pupils (% female)",SE.SEC.ENRL.GC.FE.ZS,Mozambique,MOZ,..
"Secondary education, general pupils (% female)",SE.SEC.ENRL.GC.FE.ZS,Myanmar,MMR,..
"Secondary education, general pupils (% female)",SE.SEC.ENRL.GC.FE.ZS,Nigeria,NGA,..
"Secondary education, general pupils (% female)",SE.SEC.ENRL.GC.FE.ZS,Pakistan,PAK,..
"Secondary education, general pupils (% female)",SE.SEC.ENRL.GC.FE.ZS,Philippines,PHL,..
"Secondary education, general pupils (% female)",SE.SEC.ENRL.GC.FE.ZS,Russian Federation,RUS,..
"Secondary education, general pupils (% female)",SE.SEC.ENRL.GC.FE.ZS,South Africa,ZAF,..
"Secondary education, general pupils (% female)",SE.SEC.ENRL.GC.FE.ZS,Thailand,THA,..
"Secondary education, general pupils (% female)",SE.SEC.ENRL.GC.FE.ZS,Tanzania,TZA,..
"Secondary education, general pupils (% female)",SE.SEC.ENRL.GC.FE.ZS,Vietnam,VNM,..
"Secondary education, general pupils (% female)",SE.SEC.ENRL.GC.FE.ZS,Cambodia,KHM,..
"Secondary education, general pupils (% female)",SE.SEC.ENRL.GC.FE.ZS,Central African Republic,CAF,..
"Secondary education, general pupils (% female)",SE.SEC.ENRL.GC.FE.ZS,"Congo, Rep.",COG,..
"Secondary education, general pupils (% female)",SE.SEC.ENRL.GC.FE.ZS,Lesotho,LSO,..
"Secondary education, general pupils (% female)",SE.SEC.ENRL.GC.FE.ZS,Liberia,LBR,..
"Secondary education, general pupils (% female)",SE.SEC.ENRL.GC.FE.ZS,Namibia,NAM,..
"Secondary education, general pupils (% female)",SE.SEC.ENRL.GC.FE.ZS,Papua New Guinea,PNG,..
"Secondary education, general pupils (% female)",SE.SEC.ENRL.GC.FE.ZS,Sierra Leone,SLE,..
"Secondary education, general pupils (% female)",SE.SEC.ENRL.GC.FE.ZS,Zambia,ZMB,..
"Secondary education, general pupils (% female)",SE.SEC.ENRL.GC.FE.ZS,Zimbabwe,ZWE,..
"Secondary education, pupils (% female)",SE.SEC.ENRL.FE.ZS,Angola,AGO,..
"Secondary education, pupils (% female)",SE.SEC.ENRL.FE.ZS,Bangladesh,BGD,..
"Secondary education, pupils (% female)",SE.SEC.ENRL.FE.ZS,Brazil,BRA,..
"Secondary education, pupils (% female)",SE.SEC.ENRL.FE.ZS,China,CHN,..
"Secondary education, pupils (% female)",SE.SEC.ENRL.FE.ZS,"Korea, Dem. People's Rep.",PRK,..
"Secondary education, pupils (% female)",SE.SEC.ENRL.FE.ZS,"Congo, Dem. Rep.",COD,..
"Secondary education, pupils (% female)",SE.SEC.ENRL.FE.ZS,Ethiopia,ETH,..
"Secondary education, pupils (% female)",SE.SEC.ENRL.FE.ZS,India,IND,..
"Secondary education, pupils (% female)",SE.SEC.ENRL.FE.ZS,Indonesia,IDN,..
"Secondary education, pupils (% female)",SE.SEC.ENRL.FE.ZS,Kenya,KEN,..
"Secondary education, pupils (% female)",SE.SEC.ENRL.FE.ZS,Mozambique,MOZ,..
"Secondary education, pupils (% female)",SE.SEC.ENRL.FE.ZS,Myanmar,MMR,..
"Secondary education, pupils (% female)",SE.SEC.ENRL.FE.ZS,Nigeria,NGA,..
"Secondary education, pupils (% female)",SE.SEC.ENRL.FE.ZS,Pakistan,PAK,..
"Secondary education, pupils (% female)",SE.SEC.ENRL.FE.ZS,Philippines,PHL,..
"Secondary education, pupils (% female)",SE.SEC.ENRL.FE.ZS,Russian Federation,RUS,..
"Secondary education, pupils (% female)",SE.SEC.ENRL.FE.ZS,South Africa,ZAF,..
"Secondary education, pupils (% female)",SE.SEC.ENRL.FE.ZS,Thailand,THA,..
"Secondary education, pupils (% female)",SE.SEC.ENRL.FE.ZS,Tanzania,TZA,..
"Secondary education, pupils (% female)",SE.SEC.ENRL.FE.ZS,Vietnam,VNM,..
"Secondary education, pupils (% female)",SE.SEC.ENRL.FE.ZS,Cambodia,KHM,..
"Secondary education, pupils (% female)",SE.SEC.ENRL.FE.ZS,Central African Republic,CAF,..
"Secondary education, pupils (% female)",SE.SEC.ENRL.FE.ZS,"Congo, Rep.",COG,..
"Secondary education, pupils (% female)",SE.SEC.ENRL.FE.ZS,Lesotho,LSO,..
"Secondary education, pupils (% female)",SE.SEC.ENRL.FE.ZS,Liberia,LBR,..
"Secondary education, pupils (% female)",SE.SEC.ENRL.FE.ZS,Namibia,NAM,..
"Secondary education, pupils (% female)",SE.SEC.ENRL.FE.ZS,Papua New Guinea,PNG,..
"Secondary education, pupils (% female)",SE.SEC.ENRL.FE.ZS,Sierra Leone,SLE,..
"Secondary education, pupils (% female)",SE.SEC.ENRL.FE.ZS,Zambia,ZMB,..
"Secondary education, pupils (% female)",SE.SEC.ENRL.FE.ZS,Zimbabwe,ZWE,..
"Share of youth not in education, employment or training, female (% of female youth population)",SL.UEM.NEET.FE.ZS,Angola,AGO,..
"Share of youth not in education, employment or training, female (% of female youth population)",SL.UEM.NEET.FE.ZS,Bangladesh,BGD,..
"Share of youth not in education, employment or training, female (% of female youth population)",SL.UEM.NEET.FE.ZS,Brazil,BRA,..
"Share of youth not in education, employment or training, female (% of female youth population)",SL.UEM.NEET.FE.ZS,China,CHN,..
"Share of youth not in education, employment or training, female (% of female youth population)",SL.UEM.NEET.FE.ZS,"Korea, Dem. People's Rep.",PRK,..
"Share of youth not in education, employment or training, female (% of female youth population)",SL.UEM.NEET.FE.ZS,"Congo, Dem. Rep.",COD,..
"Share of youth not in education, employment or training, female (% of female youth population)",SL.UEM.NEET.FE.ZS,Ethiopia,ETH,..
"Share of youth not in education, employment or training, female (% of female youth population)",SL.UEM.NEET.FE.ZS,India,IND,..
"Share of youth not in education, employment or training, female (% of female youth population)",SL.UEM.NEET.FE.ZS,Indonesia,IDN,..
"Share of youth not in education, employment or training, female (% of female youth population)",SL.UEM.NEET.FE.ZS,Kenya,KEN,..
"Share of youth not in education, employment or training, female (% of female youth population)",SL.UEM.NEET.FE.ZS,Mozambique,MOZ,..
"Share of youth not in education, employment or training, female (% of female youth population)",SL.UEM.NEET.FE.ZS,Myanmar,MMR,..
"Share of youth not in education, employment or training, female (% of female youth population)",SL.UEM.NEET.FE.ZS,Nigeria,NGA,..
"Share of youth not in education, employment or training, female (% of female youth population)",SL.UEM.NEET.FE.ZS,Pakistan,PAK,..
"Share of youth not in education, employment or training, female (% of female youth population)",SL.UEM.NEET.FE.ZS,Philippines,PHL,..
"Share of youth not in education, employment or training, female (% of female youth population)",SL.UEM.NEET.FE.ZS,Russian Federation,RUS,..
"Share of youth not in education, employment or training, female (% of female youth population)",SL.UEM.NEET.FE.ZS,South Africa,ZAF,..
"Share of youth not in education, employment or training, female (% of female youth population)",SL.UEM.NEET.FE.ZS,Thailand,THA,..
"Share of youth not in education, employment or training, female (% of female youth population)",SL.UEM.NEET.FE.ZS,Tanzania,TZA,..
"Share of youth not in education, employment or training, female (% of female youth population)",SL.UEM.NEET.FE.ZS,Vietnam,VNM,18.1200008392334
"Share of youth not in education, employment or training, female (% of female youth population)",SL.UEM.NEET.FE.ZS,Cambodia,KHM,..
"Share of youth not in education, employment or training, female (% of female youth population)",SL.UEM.NEET.FE.ZS,Central African Republic,CAF,..
"Share of youth not in education, employment or training, female (% of female youth population)",SL.UEM.NEET.FE.ZS,"Congo, Rep.",COG,..
"Share of youth not in education, employment or training, female (% of female youth population)",SL.UEM.NEET.FE.ZS,Lesotho,LSO,..
"Share of youth not in education, employment or training, female (% of female youth population)",SL.UEM.NEET.FE.ZS,Liberia,LBR,..
"Share of youth not in education, employment or training, female (% of female youth population)",SL.UEM.NEET.FE.ZS,Namibia,NAM,..
"Share of youth not in education, employment or training, female (% of female youth population)",SL.UEM.NEET.FE.ZS,Papua New Guinea,PNG,..
"Share of youth not in education, employment or training, female (% of female youth population)",SL.UEM.NEET.FE.ZS,Sierra Leone,SLE,..
"Share of youth not in education, employment or training, female (% of female youth population)",SL.UEM.NEET.FE.ZS,Zambia,ZMB,..
"Share of youth not in education, employment or training, female (% of female youth population)",SL.UEM.NEET.FE.ZS,Zimbabwe,ZWE,..
"Share of youth not in education, employment or training, total (% of youth population)",SL.UEM.NEET.ZS,Angola,AGO,..
"Share of youth not in education, employment or training, total (% of youth population)",SL.UEM.NEET.ZS,Bangladesh,BGD,..
"Share of youth not in education, employment or training, total (% of youth population)",SL.UEM.NEET.ZS,Brazil,BRA,..
"Share of youth not in education, employment or training, total (% of youth population)",SL.UEM.NEET.ZS,China,CHN,..
"Share of youth not in education, employment or training, total (% of youth population)",SL.UEM.NEET.ZS,"Korea, Dem. People's Rep.",PRK,..
"Share of youth not in education, employment or training, total (% of youth population)",SL.UEM.NEET.ZS,"Congo, Dem. Rep.",COD,..
"Share of youth not in education, employment or training, total (% of youth population)",SL.UEM.NEET.ZS,Ethiopia,ETH,..
"Share of youth not in education, employment or training, total (% of youth population)",SL.UEM.NEET.ZS,India,IND,..
"Share of youth not in education, employment or training, total (% of youth population)",SL.UEM.NEET.ZS,Indonesia,IDN,..
"Share of youth not in education, employment or training, total (% of youth population)",SL.UEM.NEET.ZS,Kenya,KEN,..
"Share of youth not in education, employment or training, total (% of youth population)",SL.UEM.NEET.ZS,Mozambique,MOZ,..
"Share of youth not in education, employment or training, total (% of youth population)",SL.UEM.NEET.ZS,Myanmar,MMR,..
"Share of youth not in education, employment or training, total (% of youth population)",SL.UEM.NEET.ZS,Nigeria,NGA,..
"Share of youth not in education, employment or training, total (% of youth population)",SL.UEM.NEET.ZS,Pakistan,PAK,..
"Share of youth not in education, employment or training, total (% of youth population)",SL.UEM.NEET.ZS,Philippines,PHL,..
"Share of youth not in education, employment or training, total (% of youth population)",SL.UEM.NEET.ZS,Russian Federation,RUS,..
"Share of youth not in education, employment or training, total (% of youth population)",SL.UEM.NEET.ZS,South Africa,ZAF,..
"Share of youth not in education, employment or training, total (% of youth population)",SL.UEM.NEET.ZS,Thailand,THA,..
"Share of youth not in education, employment or training, total (% of youth population)",SL.UEM.NEET.ZS,Tanzania,TZA,..
"Share of youth not in education, employment or training, total (% of youth population)",SL.UEM.NEET.ZS,Vietnam,VNM,15.4700002670288
"Share of youth not in education, employment or training, total (% of youth population)",SL.UEM.NEET.ZS,Cambodia,KHM,..
"Share of youth not in education, employment or training, total (% of youth population)",SL.UEM.NEET.ZS,Central African Republic,CAF,..
"Share of youth not in education, employment or training, total (% of youth population)",SL.UEM.NEET.ZS,"Congo, Rep.",COG,..
"Share of youth not in education, employment or training, total (% of youth population)",SL.UEM.NEET.ZS,Lesotho,LSO,..
"Share of youth not in education, employment or training, total (% of youth population)",SL.UEM.NEET.ZS,Liberia,LBR,..
"Share of youth not in education, employment or training, total (% of youth population)",SL.UEM.NEET.ZS,Namibia,NAM,..
"Share of youth not in education, employment or training, total (% of youth population)",SL.UEM.NEET.ZS,Papua New Guinea,PNG,..
"Share of youth not in education, employment or training, total (% of youth population)",SL.UEM.NEET.ZS,Sierra Leone,SLE,..
"Share of youth not in education, employment or training, total (% of youth population)",SL.UEM.NEET.ZS,Zambia,ZMB,..
"Share of youth not in education, employment or training, total (% of youth population)",SL.UEM.NEET.ZS,Zimbabwe,ZWE,..
"Unemployment, female (% of female labor force) (national estimate)",SL.UEM.TOTL.FE.NE.ZS,Angola,AGO,..
"Unemployment, female (% of female labor force) (national estimate)",SL.UEM.TOTL.FE.NE.ZS,Bangladesh,BGD,..
"Unemployment, female (% of female labor force) (national estimate)",SL.UEM.TOTL.FE.NE.ZS,Brazil,BRA,15.96
"Unemployment, female (% of female labor force) (national estimate)",SL.UEM.TOTL.FE.NE.ZS,China,CHN,..
"Unemployment, female (% of female labor force) (national estimate)",SL.UEM.TOTL.FE.NE.ZS,"Korea, Dem. People's Rep.",PRK,..
"Unemployment, female (% of female labor force) (national estimate)",SL.UEM.TOTL.FE.NE.ZS,"Congo, Dem. Rep.",COD,..
"Unemployment, female (% of female labor force) (national estimate)",SL.UEM.TOTL.FE.NE.ZS,Ethiopia,ETH,..
"Unemployment, female (% of female labor force) (national estimate)",SL.UEM.TOTL.FE.NE.ZS,India,IND,4.42000007629395
"Unemployment, female (% of female labor force) (national estimate)",SL.UEM.TOTL.FE.NE.ZS,Indonesia,IDN,3.78
"Unemployment, female (% of female labor force) (national estimate)",SL.UEM.TOTL.FE.NE.ZS,Kenya,KEN,..
"Unemployment, female (% of female labor force) (national estimate)",SL.UEM.TOTL.FE.NE.ZS,Mozambique,MOZ,..
"Unemployment, female (% of female labor force) (national estimate)",SL.UEM.TOTL.FE.NE.ZS,Myanmar,MMR,..
"Unemployment, female (% of female labor force) (national estimate)",SL.UEM.TOTL.FE.NE.ZS,Nigeria,NGA,..
"Unemployment, female (% of female labor force) (national estimate)",SL.UEM.TOTL.FE.NE.ZS,Pakistan,PAK,..
"Unemployment, female (% of female labor force) (national estimate)",SL.UEM.TOTL.FE.NE.ZS,Philippines,PHL,2.72000002861023
"Unemployment, female (% of female labor force) (national estimate)",SL.UEM.TOTL.FE.NE.ZS,Russian Federation,RUS,5.53
"Unemployment, female (% of female labor force) (national estimate)",SL.UEM.TOTL.FE.NE.ZS,South Africa,ZAF,31.02
"Unemployment, female (% of female labor force) (national estimate)",SL.UEM.TOTL.FE.NE.ZS,Thailand,THA,1.09
"Unemployment, female (% of female labor force) (national estimate)",SL.UEM.TOTL.FE.NE.ZS,Tanzania,TZA,..
"Unemployment, female (% of female labor force) (national estimate)",SL.UEM.TOTL.FE.NE.ZS,Vietnam,VNM,2.83
"Unemployment, female (% of female labor force) (national estimate)",SL.UEM.TOTL.FE.NE.ZS,Cambodia,KHM,..
"Unemployment, female (% of female labor force) (national estimate)",SL.UEM.TOTL.FE.NE.ZS,Central African Republic,CAF,..
"Unemployment, female (% of female labor force) (national estimate)",SL.UEM.TOTL.FE.NE.ZS,"Congo, Rep.",COG,..
"Unemployment, female (% of female labor force) (national estimate)",SL.UEM.TOTL.FE.NE.ZS,Lesotho,LSO,..
"Unemployment, female (% of female labor force) (national estimate)",SL.UEM.TOTL.FE.NE.ZS,Liberia,LBR,..
"Unemployment, female (% of female labor force) (national estimate)",SL.UEM.TOTL.FE.NE.ZS,Namibia,NAM,..
"Unemployment, female (% of female labor force) (national estimate)",SL.UEM.TOTL.FE.NE.ZS,Papua New Guinea,PNG,..
"Unemployment, female (% of female labor force) (national estimate)",SL.UEM.TOTL.FE.NE.ZS,Sierra Leone,SLE,..
"Unemployment, female (% of female labor force) (national estimate)",SL.UEM.TOTL.FE.NE.ZS,Zambia,ZMB,..
"Unemployment, female (% of female labor force) (national estimate)",SL.UEM.TOTL.FE.NE.ZS,Zimbabwe,ZWE,..
"Unemployment, total (% of total labor force) (national estimate)",SL.UEM.TOTL.NE.ZS,Angola,AGO,..
"Unemployment, total (% of total labor force) (national estimate)",SL.UEM.TOTL.NE.ZS,Bangladesh,BGD,..
"Unemployment, total (% of total labor force) (national estimate)",SL.UEM.TOTL.NE.ZS,Brazil,BRA,13.69
"Unemployment, total (% of total labor force) (national estimate)",SL.UEM.TOTL.NE.ZS,China,CHN,..
"Unemployment, total (% of total labor force) (national estimate)",SL.UEM.TOTL.NE.ZS,"Korea, Dem. People's Rep.",PRK,..
"Unemployment, total (% of total labor force) (national estimate)",SL.UEM.TOTL.NE.ZS,"Congo, Dem. Rep.",COD,..
"Unemployment, total (% of total labor force) (national estimate)",SL.UEM.TOTL.NE.ZS,Ethiopia,ETH,..
"Unemployment, total (% of total labor force) (national estimate)",SL.UEM.TOTL.NE.ZS,India,IND,4.67999982833862
"Unemployment, total (% of total labor force) (national estimate)",SL.UEM.TOTL.NE.ZS,Indonesia,IDN,4.28
"Unemployment, total (% of total labor force) (national estimate)",SL.UEM.TOTL.NE.ZS,Kenya,KEN,..
"Unemployment, total (% of total labor force) (national estimate)",SL.UEM.TOTL.NE.ZS,Mozambique,MOZ,..
"Unemployment, total (% of total labor force) (national estimate)",SL.UEM.TOTL.NE.ZS,Myanmar,MMR,..
"Unemployment, total (% of total labor force) (national estimate)",SL.UEM.TOTL.NE.ZS,Nigeria,NGA,..
"Unemployment, total (% of total labor force) (national estimate)",SL.UEM.TOTL.NE.ZS,Pakistan,PAK,..
"Unemployment, total (% of total labor force) (national estimate)",SL.UEM.TOTL.NE.ZS,Philippines,PHL,2.51999998092651
"Unemployment, total (% of total labor force) (national estimate)",SL.UEM.TOTL.NE.ZS,Russian Federation,RUS,5.59
"Unemployment, total (% of total labor force) (national estimate)",SL.UEM.TOTL.NE.ZS,South Africa,ZAF,29.22
"Unemployment, total (% of total labor force) (national estimate)",SL.UEM.TOTL.NE.ZS,Thailand,THA,1.1
"Unemployment, total (% of total labor force) (national estimate)",SL.UEM.TOTL.NE.ZS,Tanzania,TZA,..
"Unemployment, total (% of total labor force) (national estimate)",SL.UEM.TOTL.NE.ZS,Vietnam,VNM,2.39
"Unemployment, total (% of total labor force) (national estimate)",SL.UEM.TOTL.NE.ZS,Cambodia,KHM,..
"Unemployment, total (% of total labor force) (national estimate)",SL.UEM.TOTL.NE.ZS,Central African Republic,CAF,..
"Unemployment, total (% of total labor force) (national estimate)",SL.UEM.TOTL.NE.ZS,"Congo, Rep.",COG,..
"Unemployment, total (% of total labor force) (national estimate)",SL.UEM.TOTL.NE.ZS,Lesotho,LSO,..
"Unemployment, total (% of total labor force) (national estimate)",SL.UEM.TOTL.NE.ZS,Liberia,LBR,..
"Unemployment, total (% of total labor force) (national estimate)",SL.UEM.TOTL.NE.ZS,Namibia,NAM,..
"Unemployment, total (% of total labor force) (national estimate)",SL.UEM.TOTL.NE.ZS,Papua New Guinea,PNG,..
"Unemployment, total (% of total labor force) (national estimate)",SL.UEM.TOTL.NE.ZS,Sierra Leone,SLE,..
"Unemployment, total (% of total labor force) (national estimate)",SL.UEM.TOTL.NE.ZS,Zambia,ZMB,..
"Unemployment, total (% of total labor force) (national estimate)",SL.UEM.TOTL.NE.ZS,Zimbabwe,ZWE,..
"Unemployment, youth female (% of female labor force ages 15-24) (national estimate)",SL.UEM.1524.FE.NE.ZS,Angola,AGO,..
"Unemployment, youth female (% of female labor force ages 15-24) (national estimate)",SL.UEM.1524.FE.NE.ZS,Bangladesh,BGD,..
"Unemployment, youth female (% of female labor force ages 15-24) (national estimate)",SL.UEM.1524.FE.NE.ZS,Brazil,BRA,36.33
"Unemployment, youth female (% of female labor force ages 15-24) (national estimate)",SL.UEM.1524.FE.NE.ZS,China,CHN,..
"Unemployment, youth female (% of female labor force ages 15-24) (national estimate)",SL.UEM.1524.FE.NE.ZS,"Korea, Dem. People's Rep.",PRK,..
"Unemployment, youth female (% of female labor force ages 15-24) (national estimate)",SL.UEM.1524.FE.NE.ZS,"Congo, Dem. Rep.",COD,..
"Unemployment, youth female (% of female labor force ages 15-24) (national estimate)",SL.UEM.1524.FE.NE.ZS,Ethiopia,ETH,..
"Unemployment, youth female (% of female labor force ages 15-24) (national estimate)",SL.UEM.1524.FE.NE.ZS,India,IND,21.0300006866455
"Unemployment, youth female (% of female labor force ages 15-24) (national estimate)",SL.UEM.1524.FE.NE.ZS,Indonesia,IDN,14.28
"Unemployment, youth female (% of female labor force ages 15-24) (national estimate)",SL.UEM.1524.FE.NE.ZS,Kenya,KEN,..
"Unemployment, youth female (% of female labor force ages 15-24) (national estimate)",SL.UEM.1524.FE.NE.ZS,Mozambique,MOZ,..
"Unemployment, youth female (% of female labor force ages 15-24) (national estimate)",SL.UEM.1524.FE.NE.ZS,Myanmar,MMR,..
"Unemployment, youth female (% of female labor force ages 15-24) (national estimate)",SL.UEM.1524.FE.NE.ZS,Nigeria,NGA,..
"Unemployment, youth female (% of female labor force ages 15-24) (national estimate)",SL.UEM.1524.FE.NE.ZS,Pakistan,PAK,..
"Unemployment, youth female (% of female labor force ages 15-24) (national estimate)",SL.UEM.1524.FE.NE.ZS,Philippines,PHL,8.51000022888184
"Unemployment, youth female (% of female labor force ages 15-24) (national estimate)",SL.UEM.1524.FE.NE.ZS,Russian Federation,RUS,18.2
"Unemployment, youth female (% of female labor force ages 15-24) (national estimate)",SL.UEM.1524.FE.NE.ZS,South Africa,ZAF,64.06
"Unemployment, youth female (% of female labor force ages 15-24) (national estimate)",SL.UEM.1524.FE.NE.ZS,Thailand,THA,5.93
"Unemployment, youth female (% of female labor force ages 15-24) (national estimate)",SL.UEM.1524.FE.NE.ZS,Tanzania,TZA,..
"Unemployment, youth female (% of female labor force ages 15-24) (national estimate)",SL.UEM.1524.FE.NE.ZS,Vietnam,VNM,8.89
"Unemployment, youth female (% of female labor force ages 15-24) (national estimate)",SL.UEM.1524.FE.NE.ZS,Cambodia,KHM,..
"Unemployment, youth female (% of female labor force ages 15-24) (national estimate)",SL.UEM.1524.FE.NE.ZS,Central African Republic,CAF,..
"Unemployment, youth female (% of female labor force ages 15-24) (national estimate)",SL.UEM.1524.FE.NE.ZS,"Congo, Rep.",COG,..
"Unemployment, youth female (% of female labor force ages 15-24) (national estimate)",SL.UEM.1524.FE.NE.ZS,Lesotho,LSO,..
"Unemployment, youth female (% of female labor force ages 15-24) (national estimate)",SL.UEM.1524.FE.NE.ZS,Liberia,LBR,..
"Unemployment, youth female (% of female labor force ages 15-24) (national estimate)",SL.UEM.1524.FE.NE.ZS,Namibia,NAM,..
"Unemployment, youth female (% of female labor force ages 15-24) (national estimate)",SL.UEM.1524.FE.NE.ZS,Papua New Guinea,PNG,..
"Unemployment, youth female (% of female labor force ages 15-24) (national estimate)",SL.UEM.1524.FE.NE.ZS,Sierra Leone,SLE,..
"Unemployment, youth female (% of female labor force ages 15-24) (national estimate)",SL.UEM.1524.FE.NE.ZS,Zambia,ZMB,..
"Unemployment, youth female (% of female labor force ages 15-24) (national estimate)",SL.UEM.1524.FE.NE.ZS,Zimbabwe,ZWE,..
"Unemployment, youth total (% of total labor force ages 15-24) (national estimate)",SL.UEM.1524.NE.ZS,Angola,AGO,..
"Unemployment, youth total (% of total labor force ages 15-24) (national estimate)",SL.UEM.1524.NE.ZS,Bangladesh,BGD,..
"Unemployment, youth total (% of total labor force ages 15-24) (national estimate)",SL.UEM.1524.NE.ZS,Brazil,BRA,31.28
"Unemployment, youth total (% of total labor force ages 15-24) (national estimate)",SL.UEM.1524.NE.ZS,China,CHN,..
"Unemployment, youth total (% of total labor force ages 15-24) (national estimate)",SL.UEM.1524.NE.ZS,"Korea, Dem. People's Rep.",PRK,..
"Unemployment, youth total (% of total labor force ages 15-24) (national estimate)",SL.UEM.1524.NE.ZS,"Congo, Dem. Rep.",COD,..
"Unemployment, youth total (% of total labor force ages 15-24) (national estimate)",SL.UEM.1524.NE.ZS,Ethiopia,ETH,..
"Unemployment, youth total (% of total labor force ages 15-24) (national estimate)",SL.UEM.1524.NE.ZS,India,IND,19.8199996948242
"Unemployment, youth total (% of total labor force ages 15-24) (national estimate)",SL.UEM.1524.NE.ZS,Indonesia,IDN,14.76
"Unemployment, youth total (% of total labor force ages 15-24) (national estimate)",SL.UEM.1524.NE.ZS,Kenya,KEN,..
"Unemployment, youth total (% of total labor force ages 15-24) (national estimate)",SL.UEM.1524.NE.ZS,Mozambique,MOZ,..
"Unemployment, youth total (% of total labor force ages 15-24) (national estimate)",SL.UEM.1524.NE.ZS,Myanmar,MMR,..
"Unemployment, youth total (% of total labor force ages 15-24) (national estimate)",SL.UEM.1524.NE.ZS,Nigeria,NGA,..
"Unemployment, youth total (% of total labor force ages 15-24) (national estimate)",SL.UEM.1524.NE.ZS,Pakistan,PAK,..
"Unemployment, youth total (% of total labor force ages 15-24) (national estimate)",SL.UEM.1524.NE.ZS,Philippines,PHL,7.03000020980835
"Unemployment, youth total (% of total labor force ages 15-24) (national estimate)",SL.UEM.1524.NE.ZS,Russian Federation,RUS,16.96
"Unemployment, youth total (% of total labor force ages 15-24) (national estimate)",SL.UEM.1524.NE.ZS,South Africa,ZAF,59.36
"Unemployment, youth total (% of total labor force ages 15-24) (national estimate)",SL.UEM.1524.NE.ZS,Thailand,THA,5.16
"Unemployment, youth total (% of total labor force ages 15-24) (national estimate)",SL.UEM.1524.NE.ZS,Tanzania,TZA,..
"Unemployment, youth total (% of total labor force ages 15-24) (national estimate)",SL.UEM.1524.NE.ZS,Vietnam,VNM,7.63
"Unemployment, youth total (% of total labor force ages 15-24) (national estimate)",SL.UEM.1524.NE.ZS,Cambodia,KHM,..
"Unemployment, youth total (% of total labor force ages 15-24) (national estimate)",SL.UEM.1524.NE.ZS,Central African Republic,CAF,..
"Unemployment, youth total (% of total labor force ages 15-24) (national estimate)",SL.UEM.1524.NE.ZS,"Congo, Rep.",COG,..
"Unemployment, youth total (% of total labor force ages 15-24) (national estimate)",SL.UEM.1524.NE.ZS,Lesotho,LSO,..
"Unemployment, youth total (% of total labor force ages 15-24) (national estimate)",SL.UEM.1524.NE.ZS,Liberia,LBR,..
"Unemployment, youth total (% of total labor force ages 15-24) (national estimate)",SL.UEM.1524.NE.ZS,Namibia,NAM,..
"Unemployment, youth total (% of total labor force ages 15-24) (national estimate)",SL.UEM.1524.NE.ZS,Papua New Guinea,PNG,..
"Unemployment, youth total (% of total labor force ages 15-24) (national estimate)",SL.UEM.1524.NE.ZS,Sierra Leone,SLE,..
"Unemployment, youth total (% of total labor force ages 15-24) (national estimate)",SL.UEM.1524.NE.ZS,Zambia,ZMB,..
"Unemployment, youth total (% of total labor force ages 15-24) (national estimate)",SL.UEM.1524.NE.ZS,Zimbabwe,ZWE,..
"Women participating in the three decisions (own health care, major household purchases, and visiting family) (% of women age 15-49)",SG.DMK.ALLD.FN.ZS,Angola,AGO,..
"Women participating in the three decisions (own health care, major household purchases, and visiting family) (% of women age 15-49)",SG.DMK.ALLD.FN.ZS,Bangladesh,BGD,..
"Women participating in the three decisions (own health care, major household purchases, and visiting family) (% of women age 15-49)",SG.DMK.ALLD.FN.ZS,Brazil,BRA,..
"Women participating in the three decisions (own health care, major household purchases, and visiting family) (% of women age 15-49)",SG.DMK.ALLD.FN.ZS,China,CHN,..
"Women participating in the three decisions (own health care, major household purchases, and visiting family) (% of women age 15-49)",SG.DMK.ALLD.FN.ZS,"Korea, Dem. People's Rep.",PRK,..
"Women participating in the three decisions (own health care, major household purchases, and visiting family) (% of women age 15-49)",SG.DMK.ALLD.FN.ZS,"Congo, Dem. Rep.",COD,..
"Women participating in the three decisions (own health care, major household purchases, and visiting family) (% of women age 15-49)",SG.DMK.ALLD.FN.ZS,Ethiopia,ETH,..
"Women participating in the three decisions (own health care, major household purchases, and visiting family) (% of women age 15-49)",SG.DMK.ALLD.FN.ZS,India,IND,..
"Women participating in the three decisions (own health care, major household purchases, and visiting family) (% of women age 15-49)",SG.DMK.ALLD.FN.ZS,Indonesia,IDN,..
"Women participating in the three decisions (own health care, major household purchases, and visiting family) (% of women age 15-49)",SG.DMK.ALLD.FN.ZS,Kenya,KEN,..
"Women participating in the three decisions (own health care, major household purchases, and visiting family) (% of women age 15-49)",SG.DMK.ALLD.FN.ZS,Mozambique,MOZ,..
"Women participating in the three decisions (own health care, major household purchases, and visiting family) (% of women age 15-49)",SG.DMK.ALLD.FN.ZS,Myanmar,MMR,..
"Women participating in the three decisions (own health care, major household purchases, and visiting family) (% of women age 15-49)",SG.DMK.ALLD.FN.ZS,Nigeria,NGA,..
"Women participating in the three decisions (own health care, major household purchases, and visiting family) (% of women age 15-49)",SG.DMK.ALLD.FN.ZS,Pakistan,PAK,..
"Women participating in the three decisions (own health care, major household purchases, and visiting family) (% of women age 15-49)",SG.DMK.ALLD.FN.ZS,Philippines,PHL,..
"Women participating in the three decisions (own health care, major household purchases, and visiting family) (% of women age 15-49)",SG.DMK.ALLD.FN.ZS,Russian Federation,RUS,..
"Women participating in the three decisions (own health care, major household purchases, and visiting family) (% of women age 15-49)",SG.DMK.ALLD.FN.ZS,South Africa,ZAF,..
"Women participating in the three decisions (own health care, major household purchases, and visiting family) (% of women age 15-49)",SG.DMK.ALLD.FN.ZS,Thailand,THA,..
"Women participating in the three decisions (own health care, major household purchases, and visiting family) (% of women age 15-49)",SG.DMK.ALLD.FN.ZS,Tanzania,TZA,..
"Women participating in the three decisions (own health care, major household purchases, and visiting family) (% of women age 15-49)",SG.DMK.ALLD.FN.ZS,Vietnam,VNM,..
"Women participating in the three decisions (own health care, major household purchases, and visiting family) (% of women age 15-49)",SG.DMK.ALLD.FN.ZS,Cambodia,KHM,..
"Women participating in the three decisions (own health care, major household purchases, and visiting family) (% of women age 15-49)",SG.DMK.ALLD.FN.ZS,Central African Republic,CAF,..
"Women participating in the three decisions (own health care, major household purchases, and visiting family) (% of women age 15-49)",SG.DMK.ALLD.FN.ZS,"Congo, Rep.",COG,..
"Women participating in the three decisions (own health care, major household purchases, and visiting family) (% of women age 15-49)",SG.DMK.ALLD.FN.ZS,Lesotho,LSO,..
"Women participating in the three decisions (own health care, major household purchases, and visiting family) (% of women age 15-49)",SG.DMK.ALLD.FN.ZS,Liberia,LBR,..
"Women participating in the three decisions (own health care, major household purchases, and visiting family) (% of women age 15-49)",SG.DMK.ALLD.FN.ZS,Namibia,NAM,..
"Women participating in the three decisions (own health care, major household purchases, and visiting family) (% of women age 15-49)",SG.DMK.ALLD.FN.ZS,Papua New Guinea,PNG,..
"Women participating in the three decisions (own health care, major household purchases, and visiting family) (% of women age 15-49)",SG.DMK.ALLD.FN.ZS,Sierra Leone,SLE,..
"Women participating in the three decisions (own health care, major household purchases, and visiting family) (% of women age 15-49)",SG.DMK.ALLD.FN.ZS,Zambia,ZMB,..
"Women participating in the three decisions (own health care, major household purchases, and visiting family) (% of women age 15-49)",SG.DMK.ALLD.FN.ZS,Zimbabwe,ZWE,..
,,,,
,,,,
,,,,
Data from database: World Development Indicators,,,,
Last Updated: 10/28/2021,,,,
